,batter_name,team,birthday,height,weight,age
0,박정진,한화,1976-05-27,183cm,88kg,44
1,김광수,KIA,1981-05-05,182cm,84kg,39
2,마일영,한화,1981-05-28,177cm,95kg,39
3,정재원,SK,1984-08-11,187cm,84kg,35
4,송창식,한화,1985-03-25,183cm,104kg,35
5,윤근영,KT,1986-05-07,185cm,89kg,34
6,정민혁,한화,1983-09-14,178cm,75kg,36
7,김혁민,한화,1987-05-24,187cm,94kg,33
8,김일엽,한화,1980-02-15,190cm,110kg,40
9,정대훈,한화,1985-03-08,185cm,83kg,35
10,황재규,한화,1986-04-16,175cm,85kg,34
11,이태양,한화,1990-07-03,192cm,97kg,29
12,김경태,한화,1991-02-28,183cm,90kg,29
13,안승민,한화,1991-06-21,182cm,95kg,28
14,김용주,KT,1991-10-23,175cm,73kg,28
15,유창식*,KIA,1992-05-15,186cm,100kg,28
16,박건우,한화,1992-07-01,193cm,80kg,27
17,임기영,KIA,1993-04-16,184cm,75kg,27
18,바티스타,한화,1980-08-23,198cm,86kg,39
19,신경현,한화,1975-11-28,186cm,95kg,44
20,최승환,한화,1978-02-25,185cm,100kg,42
21,박노민,한화,1985-08-18,182cm,93kg,34
22,정범모,NC,1987-03-26,184cm,94kg,33
23,이준수,KT,1988-06-17,176cm,80kg,32
24,김태균,한화,1982-05-29,185cm,110kg,38
25,이대수,SK,1981-08-21,175cm,76kg,38
26,한상훈,한화,1980-06-03,176cm,78kg,40
27,이시찬,한화,1985-02-25,182cm,84kg,35
28,백승룡,Hero,1982-08-16,180cm,80kg,37
29,전현태,KIA,1986-07-09,184cm,87kg,33
30,이여상*,롯데,1984-02-01,183cm,84kg,36
31,임익준,한화,1988-03-15,180cm,83kg,32
32,오선진,한화,1989-07-07,178cm,80kg,30
33,김강석,SK,1985-09-08,177cm,72kg,34
34,장재훈,한화,1988-08-25,185cm,83kg,31
35,윤승열,한화,1993-07-08,180cm,80kg,26
36,하주석,한화,1994-02-25,184cm,84kg,26
37,강동우,,1974-04-20,177cm,78kg,46
38,김경언,한화,1982-12-07,188cm,84kg,37
39,추승우,한화,1979-09-24,187cm,74kg,40
40,임세업,한화,1983-09-01,181cm,82kg,36
41,이양기,한화,1981-01-31,184cm,90kg,39
42,고동진,한화,1980-04-01,183cm,85kg,40
43,최진행*,한화,1985-08-17,188cm,100kg,34
44,오재필,한화,1982-07-27,181cm,83kg,37
45,연경흠,한화,1983-09-14,176cm,78kg,36
46,김태완,Hero,1984-01-27,189cm,105kg,36
47,정현석,한화,1984-03-01,182cm,93kg,36
48,박상규,한화,1989-05-02,183cm,82kg,31
49,임신호,한화,1992-08-08,182cm,82kg,27
50,양성우,한화,1989-05-02,174cm,84kg,31
51,송우석,한화,1993-08-11,177cm,83kg,26
52,송창현,한화,1989-08-17,181cm,100kg,30
53,이상우,한화,1989-10-08,180cm,85kg,30
54,조지훈,한화,1994-04-06,185cm,91kg,26
55,김종수,한화,1994-06-03,180cm,80kg,26
56,이충호,한화,1994-09-20,182cm,81kg,25
57,한승택,KIA,1994-06-21,174cm,83kg,25
58,신석기,KT,1989-03-27,176cm,76kg,31
59,조정원,한화,1990-08-10,176cm,76kg,29
60,장운호,한화,1994-02-20,183cm,85kg,26
61,강철민,한화,1979-07-22,191cm,95kg,40
62,김주,한화,1989-03-02,200cm,96kg,31
63,길태곤,한화,1991-01-08,187cm,100kg,29
64,명재철,한화,1989-01-17,178cm,98kg,31
65,문재현,한화,1992-03-06,193cm,86kg,28
66,김동조,한화,1990-01-28,181cm,75kg,30
67,백승준,한화,1993-06-22,182cm,71kg,26
68,김강래,한화,1994-12-09,187cm,92kg,25
69,엄태용,한화,1994-02-24,183cm,85kg,26
70,권시훈,한화,1993-12-17,181cm,83kg,26
71,신승원,한화,1994-07-29,175cm,80kg,25
72,한윤섭,KT,1985-09-12,183cm,82kg,34
73,이동형,한화,1991-04-20,182cm,78kg,29
74,이태균,한화,1989-01-08,177cm,77kg,31
75,임경훈,한화,1989-08-30,177cm,73kg,30
76,김승현,한화,1994-03-11,178cm,86kg,26
77,박한결,한화,1994-12-24,183cm,76kg,25
78,노수광,SK,1990-08-06,180cm,75kg,29
79,노민성,한화,1993-11-25,185cm,84kg,26
80,안영명,한화,1984-11-19,183cm,90kg,35
81,양훈,Hero,1986-05-29,193cm,99kg,34
82,윤기호,한화,1988-07-28,183cm,90kg,31
83,허유강,한화,1986-11-16,180cm,82kg,33
84,구본범,한화,1987-02-08,191cm,81kg,33
85,전병우,Hero,1992-10-24,182cm,90kg,27
86,박병우,한화,1992-07-23,183cm,77kg,27
87,이희근,KT,1985-06-07,178cm,84kg,35
88,김회성,한화,1985-12-04,190cm,92kg,34
89,김용호,한화,1986-03-29,188cm,96kg,34
90,오준혁,SK,1992-03-11,187cm,80kg,28
91,최향남,KIA,1971-03-28,186cm,90kg,49
92,유동훈,KIA,1977-02-12,183cm,87kg,43
93,이대환,NC,1979-05-28,186cm,92kg,41
94,김진우,KIA,1983-03-07,193cm,95kg,37
95,임준혁,SK,1984-10-09,182cm,96kg,35
96,김성계,NC,1985-05-23,190cm,75kg,35
97,윤석민,KIA,1986-07-24,184cm,85kg,33
98,진해수,LG,1986-06-26,187cm,83kg,33
99,신창호,KIA,1987-03-18,180cm,93kg,33
100,한기주,삼성,1987-04-29,186cm,95kg,33
101,박경태,KIA,1987-09-02,185cm,87kg,32
102,오준형,KIA,1984-07-21,178cm,83kg,35
103,양현종,KIA,1988-03-01,183cm,85kg,32
104,서재응,KIA,1977-05-24,181cm,97kg,43
105,전우엽,KIA,1989-06-20,182cm,84kg,31
106,이정훈,KIA,1991-04-27,183cm,87kg,29
107,심동섭,KIA,1991-09-20,185cm,85kg,28
108,박기철,KIA,1991-08-19,192cm,95kg,28
109,한승혁,KIA,1993-01-03,185cm,88kg,27
110,김종훈,KIA,1989-04-18,186cm,98kg,31
111,박지훈,KIA,1989-09-21,182cm,82kg,30
112,김윤동,KIA,1993-04-01,186cm,86kg,27
113,앤서니,KIA,1982-10-28,193cm,102kg,37
114,소사,SK,1985-07-28,185cm,95kg,34
115,김상훈*,KIA,1977-10-27,180cm,92kg,42
116,강귀태,,1979-08-12,184cm,88kg,40
117,차일목,한화,1981-01-26,176cm,81kg,39
118,이성우,LG,1981-09-01,180cm,83kg,38
119,백용환,KIA,1989-03-20,180cm,84kg,31
120,한성구,KIA,1988-09-14,185cm,85kg,31
121,이범호,KIA,1981-11-25,183cm,93kg,38
122,박기남,KIA,1981-08-14,175cm,80kg,38
123,김주형,KIA,1985-12-15,186cm,100kg,34
124,최희섭,KIA,1979-03-16,196cm,99kg,41
125,김선빈,KIA,1989-12-18,165cm,70kg,30
126,안치홍,롯데,1990-07-02,178cm,80kg,29
127,홍재호,KIA,1987-05-10,179cm,77kg,33
128,윤해진,KIA,1989-02-25,178cm,84kg,31
129,황정립,KIA,1989-12-14,182cm,85kg,30
130,김상현,KT,1980-11-12,190cm,95kg,39
131,김주찬,KIA,1981-03-25,183cm,86kg,39
132,김원섭,KIA,1978-12-18,180cm,75kg,41
133,신종길,KIA,1983-12-31,183cm,85kg,36
134,이용규,한화,1985-08-26,175cm,70kg,34
135,최훈락,KIA,1982-05-12,189cm,82kg,38
136,류은재,KIA,1983-12-13,181cm,80kg,36
137,이호신,KIA,1984-05-19,176cm,72kg,36
138,나지완,KIA,1985-05-19,182cm,95kg,35
139,이종환,한화,1986-05-08,175cm,90kg,34
140,이준호,KIA,1987-09-07,183cm,86kg,32
141,이경록,KIA,1989-01-18,184cm,95kg,31
142,고영창,KIA,1989-02-24,189cm,92kg,31
143,임준섭,한화,1989-07-16,181cm,88kg,30
144,손동욱,Hero,1989-08-06,184cm,91kg,30
145,이효상,KIA,1990-01-22,186cm,88kg,30
146,박준표,KIA,1992-06-26,181cm,83kg,27
147,이홍구,SK,1990-12-11,180cm,95kg,29
148,고장혁,KIA,1990-01-08,183cm,80kg,30
149,박효일,KIA,1990-04-18,180cm,80kg,30
150,박찬,KIA,1990-08-08,182cm,83kg,29
151,윤민섭,KIA,1990-09-30,180cm,82kg,29
152,최준식,KIA,1994-05-19,183cm,74kg,26
153,이범석,KIA,1985-12-29,180cm,74kg,34
154,이왕기,KIA,1986-05-28,177cm,82kg,34
155,김승현,KIA,1987-03-11,186cm,85kg,33
156,김민성,KIA,1988-03-30,180cm,85kg,32
157,안우주,KIA,1989-06-08,183cm,77kg,31
158,이다샘,KIA,1989-10-31,184cm,94kg,30
159,김광,KIA,1990-06-21,184cm,93kg,29
160,송원호,KIA,1990-12-04,182cm,85kg,29
161,송산,KIA,1982-07-02,180cm,86kg,37
162,유용목,KIA,1986-06-10,178cm,80kg,34
163,오준영,KIA,1989-09-17,178cm,78kg,30
164,장시하,KIA,1992-05-20,183cm,75kg,28
165,나담주,KIA,1989-05-11,182cm,78kg,31
166,강하승,KIA,1989-10-25,186cm,77kg,30
167,황수현,KIA,1991-08-31,188cm,90kg,28
168,김광연,KIA,1991-11-13,182cm,73kg,28
169,장준성,KIA,1992-09-18,176cm,75kg,27
170,유재혁,KIA,1992-03-29,182cm,70kg,28
171,조성진,KIA,1989-08-02,180cm,76kg,30
172,이동훈,KIA,1989-04-28,176cm,72kg,31
173,배장원,KIA,1990-05-17,181cm,88kg,30
174,서용주,KIA,1990-06-30,184cm,89kg,29
175,류기훈,KIA,1990-10-26,183cm,80kg,29
176,곽정철,KIA,1986-03-14,186cm,95kg,34
177,박성호,한화,1986-07-04,197cm,115kg,33
178,정용운,LG,1990-07-06,185cm,84kg,29
179,임기준,KIA,1991-10-08,182cm,75kg,28
180,홍건희,KIA,1992-09-29,185cm,76kg,27
181,이인행,KIA,1991-06-30,185cm,80kg,28
182,김다원,KIA,1985-09-17,185cm,88kg,34
183,임한용,KIA,1987-07-15,180cm,77kg,32
184,백세웅,KIA,1992-10-17,180cm,75kg,27
185,이정훈,Hero,1977-10-09,182cm,92kg,42
186,김병현,KIA,1979-01-19,178cm,85kg,41
187,김성태,Hero,1982-01-03,185cm,75kg,38
188,마정길,Hero,1979-03-13,177cm,79kg,41
189,배힘찬,KIA,1983-12-08,185cm,82kg,36
190,심수창,LG,1981-02-09,185cm,85kg,39
191,노환수,Hero,1984-06-30,180cm,82kg,35
192,오주원,Hero,1985-03-31,184cm,95kg,35
193,손승락,롯데,1982-03-04,187cm,99kg,38
194,박성훈,Hero,1982-09-19,188cm,88kg,37
195,이보근,KT,1986-04-30,187cm,90kg,34
196,김세현,SK,1987-08-07,188cm,98kg,32
197,조용훈,Hero,1987-10-29,184cm,79kg,32
198,김상수,Hero,1988-01-02,179cm,80kg,32
199,장시환,한화,1987-11-01,184cm,82kg,32
200,강윤구,NC,1990-07-10,183cm,89kg,29
201,문성현,Hero,1991-11-09,180cm,81kg,28
202,김동준,Hero,1992-03-02,185cm,90kg,28
203,박종윤,Hero,1993-02-09,173cm,83kg,27
204,신유원,Hero,1993-06-03,180cm,79kg,27
205,한현희,Hero,1993-06-26,182cm,81kg,26
207,권택형,Hero,1993-09-24,184cm,85kg,26
208,나이트,Hero,1975-10-01,183cm,88kg,44
209,밴헤켄,Hero,1979-07-31,193cm,90kg,40
210,최경철*,삼성,1980-08-15,180cm,86kg,39
211,허도환,KT,1984-07-31,176cm,87kg,35
212,임태준,Hero,1988-04-23,177cm,77kg,32
213,박동원,Hero,1990-04-07,179cm,78kg,30
214,이해창,한화,1987-05-11,184cm,85kg,33
215,지재옥,Hero,1988-07-24,177cm,99kg,31
216,김재현,Hero,1993-03-18,178cm,80kg,27
217,조중근,KT,1982-12-20,183cm,98kg,37
218,김민우,KIA,1979-03-21,184cm,84kg,41
219,지석훈,NC,1984-03-17,181cm,74kg,36
220,박병호,Hero,1986-07-10,185cm,107kg,33
221,강정호,Hero,1987-04-05,183cm,82kg,33
222,신현철,KT,1987-11-02,175cm,73kg,32
223,유재신,KIA,1987-11-21,179cm,70kg,32
224,김남형,Hero,1988-05-08,177cm,75kg,32
225,김민성,LG,1988-12-17,181cm,80kg,31
226,서건창,Hero,1989-08-22,176cm,80kg,30
227,김지수,Hero,1986-08-23,180cm,75kg,33
228,이창섭,NC,1987-03-10,181cm,74kg,33
229,송지만,Hero,1973-03-02,178cm,85kg,47
230,정수성,Hero,1978-03-04,173cm,72kg,42
231,오윤,한화,1981-09-08,185cm,92kg,38
232,장민석,한화,1982-05-09,180cm,73kg,38
233,이택근,Hero,1980-07-10,183cm,86kg,39
234,박정준,NC,1984-06-26,185cm,87kg,35
235,이성열,한화,1984-07-13,185cm,95kg,35
236,유한준,KT,1981-07-01,186cm,85kg,38
237,안태영,Hero,1985-03-15,186cm,93kg,35
238,전민수,LG,1989-03-18,177cm,76kg,31
239,박헌도,롯데,1987-01-01,178cm,102kg,33
240,문우람,Hero,1992-03-08,177cm,72kg,28
241,하해웅,Hero,1989-05-05,172cm,80kg,31
242,조덕길,Hero,1989-10-02,185cm,88kg,30
243,김성진,Hero,1994-03-02,188cm,87kg,26
244,신명수,Hero,1994-07-16,180cm,79kg,25
245,조상우,Hero,1994-09-04,186cm,92kg,25
246,김민준,Hero,1994-02-12,174cm,70kg,26
247,최유건,Hero,1988-08-02,195cm,91kg,31
248,최현정,KIA,1992-12-03,179cm,76kg,27
249,신정윤,Hero,1990-07-05,185cm,82kg,29
250,김경오,Hero,1990-11-20,181cm,95kg,29
251,김지열,KT,1988-08-09,179cm,80kg,31
252,문의서,Hero,1993-09-01,172cm,67kg,26
253,조승범,Hero,1989-09-25,189cm,93kg,30
254,박민성,Hero,1990-03-05,182cm,80kg,30
255,김진웅,Hero,1992-02-06,181cm,85kg,28
256,장시윤,LG,1993-09-23,183cm,75kg,26
257,이진욱,Hero,1989-07-23,184cm,83kg,30
258,윤정호,Hero,1988-01-23,181cm,83kg,32
259,박태균,Hero,1990-08-30,177cm,85kg,29
260,이상호,Hero,1994-02-25,178cm,84kg,26
261,금민철,KT,1986-11-07,181cm,87kg,33
262,정회찬,Hero,1987-02-07,194cm,101kg,33
263,김대유,LG,1991-05-08,187cm,92kg,29
264,김건태,NC,1991-10-02,185cm,85kg,28
265,안규성,Hero,1991-11-09,185cm,93kg,28
266,김대우,삼성,1988-11-21,183cm,87kg,31
267,박정준,두산,1992-03-22,182cm,82kg,28
268,유선정,Hero,1986-08-21,178cm,88kg,33
269,장영석,KIA,1990-05-14,186cm,95kg,30
270,정범수,Hero,1992-08-08,178cm,79kg,27
271,고종욱,SK,1989-01-11,184cm,82kg,31
272,홍성갑,Hero,1992-08-02,181cm,80kg,27
273,박정음,Hero,1989-04-15,175cm,77kg,31
274,류택현,LG,1971-10-23,185cm,80kg,48
275,이상열,SK,1977-04-20,185cm,73kg,43
276,정현욱,LG,1978-12-02,187cm,102kg,41
277,김광삼,LG,1980-08-15,184cm,90kg,39
278,이동학,LG,1981-05-06,184cm,92kg,39
279,이동현,LG,1983-01-12,192cm,98kg,37
280,정재복,LG,1981-02-13,192cm,105kg,39
281,우규민,삼성,1985-01-21,184cm,75kg,35
282,조영민,LG,1981-03-11,175cm,90kg,39
283,신재웅,SK,1982-03-28,181cm,85kg,38
284,김선규,NC,1986-04-20,185cm,94kg,34
285,김효남,LG,1983-03-26,183cm,95kg,37
286,김기표,KT,1983-04-25,185cm,84kg,37
287,유원상,KT,1986-06-17,187cm,93kg,34
288,봉중근,LG,1980-07-15,190cm,98kg,39
289,정찬헌,LG,1990-01-26,187cm,94kg,30
290,배우열,KT,1986-05-19,181cm,80kg,34
291,최동환,LG,1989-09-19,184cm,83kg,30
292,한희,LG,1989-11-11,182cm,86kg,30
293,신정락,한화,1987-05-13,177cm,78kg,33
294,이희성,LG,1988-03-09,185cm,93kg,32
295,임정우,LG,1991-04-02,183cm,77kg,29
296,송윤준,한화,1992-07-16,186cm,78kg,27
297,임찬규,LG,1992-11-20,185cm,80kg,27
298,최성훈,LG,1989-10-11,178cm,75kg,30
299,신동훈,SK,1994-01-24,183cm,80kg,26
300,류제국,LG,1983-05-30,190cm,105kg,37
301,주키치,LG,1982-10-17,195cm,98kg,37
302,리즈,LG,1983-10-06,185cm,87kg,36
303,현재윤,LG,1979-07-08,174cm,80kg,40
304,윤요섭,KT,1982-03-30,180cm,96kg,38
305,조윤준,LG,1989-08-30,185cm,95kg,30
306,최동수,LG,1971-09-11,186cm,98kg,48
307,권용관,한화,1976-11-19,180cm,80kg,43
308,김일경,LG,1978-07-01,178cm,72kg,41
309,정성훈,KIA,1980-06-27,182cm,83kg,39
310,손주인,삼성,1983-12-01,179cm,82kg,36
311,서동욱,KIA,1984-03-21,188cm,99kg,36
312,최승준,한화,1988-01-11,188cm,88kg,32
313,김용의,LG,1985-08-20,187cm,74kg,34
314,오지환,LG,1990-03-12,186cm,80kg,30
315,문선재,KIA,1990-05-20,184cm,80kg,30
316,정주현,LG,1990-10-13,176cm,76kg,29
317,김지성,KIA,1985-07-20,178cm,80kg,34
318,최영진,삼성,1988-05-10,185cm,87kg,32
319,이장희,LG,1989-10-16,175cm,75kg,30
320,전호영,LG,1994-01-05,186cm,92kg,26
322,이진영,KT,1980-06-15,185cm,90kg,40
323,박용택,LG,1979-04-21,185cm,90kg,41
324,이대형,KT,1983-07-19,184cm,78kg,36
325,정의윤,SK,1986-07-25,185cm,87kg,33
326,양영동,LG,1983-07-16,173cm,70kg,36
327,이병규,롯데,1983-10-09,178cm,90kg,36
328,황선일,한화,1987-02-17,186cm,81kg,33
329,임도현,LG,1985-09-06,180cm,84kg,34
330,이천웅,LG,1988-10-20,182cm,83kg,31
331,김재민,LG,1991-01-28,177cm,84kg,29
332,강승호,SK,1994-02-09,179cm,77kg,26
333,안진근,LG,1994-03-28,185cm,82kg,26
334,심재윤,LG,1994-08-19,184cm,80kg,25
335,전인환,LG,1990-06-04,183cm,83kg,30
336,배민관,LG,1991-07-29,185cm,93kg,28
337,나규호,LG,1989-03-28,186cm,92kg,31
338,이성진,LG,1992-02-23,181cm,86kg,28
339,류원석,LG,1989-11-18,188cm,90kg,30
340,곽무균,LG,1990-02-22,180cm,74kg,30
341,박범열,LG,1990-04-02,181cm,92kg,30
342,이찬원,LG,1990-05-12,180cm,83kg,30
343,조근종,KT,1990-05-16,186cm,80kg,30
344,이윤학,KIA,1994-06-18,187cm,86kg,26
345,백남원,LG,1994-10-04,182cm,80kg,25
346,배재준,LG,1994-11-24,188cm,80kg,25
347,채은성,LG,1990-02-06,186cm,92kg,30
348,유재상,LG,1989-04-13,180cm,80kg,31
349,허재영,LG,1991-06-17,181cm,85kg,29
350,장진용,LG,1986-01-28,187cm,92kg,34
351,박용근,KT,1984-01-21,172cm,76kg,36
352,강지광,SK,1990-10-23,181cm,85kg,29
353,김훈영,LG,1991-03-13,185cm,90kg,29
354,오상엽,LG,1994-09-29,183cm,75kg,25
355,김동영,LG,1989-08-08,177cm,78kg,30
356,채우석,LG,1990-04-25,180cm,78kg,30
357,양승진,LG,1987-04-19,183cm,80kg,33
358,이범준,LG,1989-07-15,188cm,90kg,30
359,김지용,LG,1988-02-20,177cm,81kg,32
360,유경국,LG,1991-07-12,177cm,78kg,28
361,이승현,삼성,1991-11-20,181cm,92kg,28
362,윤지웅,NC,1988-03-11,180cm,72kg,32
363,최인영,,1989-07-29,185cm,76kg,30
364,이우찬,LG,1992-08-04,184cm,91kg,27
365,정다흰,LG,1992-12-15,193cm,93kg,27
366,김창혁,한화,1991-05-17,179cm,80kg,29
367,나성용,삼성,1988-01-05,183cm,94kg,32
368,유강남,LG,1992-07-15,182cm,88kg,27
369,박경수,KT,1984-03-31,178cm,80kg,36
370,윤진호,LG,1986-06-23,178cm,78kg,33
371,백진우,한화,1988-05-09,179cm,79kg,32
372,김재율,LG,1989-01-14,186cm,90kg,31
373,강병의,LG,1992-01-02,180cm,70kg,28
374,최성민,LG,1990-07-31,186cm,80kg,29
375,윤정우,SK,1988-05-12,188cm,85kg,32
376,유재호,LG,1991-04-07,186cm,90kg,29
377,이민재,LG,1988-02-05,177cm,77kg,32
378,서상우,LG,1989-09-17,187cm,90kg,30
379,박정훈,NC,1986-10-24,186cm,91kg,33
380,최금강,NC,1989-04-26,195cm,95kg,31
381,이성민*,롯데,1990-03-30,184cm,86kg,30
382,임정호,NC,1990-04-16,188cm,85kg,30
383,윤강민,NC,1990-10-08,183cm,88kg,29
384,이상민,Hero,1990-11-04,180cm,78kg,29
385,손정욱,NC,1990-12-24,180cm,84kg,29
386,윤호솔,한화,1994-07-15,183cm,99kg,25
387,장현식,NC,1995-02-24,181cm,88kg,25
388,장동우,NC,1988-06-21,185cm,94kg,31
389,이상호,NC,1989-02-05,180cm,82kg,31
390,최재원,LG,1990-07-30,183cm,81kg,29
391,윤형준,LG,1994-01-31,186cm,97kg,26
392,유영준,NC,1994-07-13,183cm,79kg,25
393,박으뜸,NC,1990-06-14,176cm,70kg,30
394,권희동,NC,1990-12-31,177cm,85kg,29
395,변강득,NC,1987-05-29,180cm,87kg,33
396,류동호,NC,1989-10-29,181cm,78kg,30
397,김병승,NC,1989-03-16,183cm,80kg,31
398,박진우,NC,1990-02-12,180cm,82kg,30
399,강동호,NC,1990-03-26,178cm,83kg,30
400,김건우,NC,1990-04-06,188cm,85kg,30
401,이효준,NC,1994-03-30,186cm,88kg,26
402,김희원,NC,1994-06-07,181cm,87kg,26
403,김정운,NC,1994-10-01,192cm,86kg,25
404,박가람,NC,1994-01-15,178cm,77kg,26
405,장동웅,NC,1988-04-07,180cm,90kg,32
406,김도환,NC,1990-02-23,174cm,83kg,30
407,이준평,NC,1990-07-23,184cm,86kg,29
408,이태초,NC,1991-06-22,174cm,90kg,28
409,이호성,NC,1986-08-15,189cm,98kg,33
410,김동현,NC,1986-01-22,178cm,76kg,34
411,손정훈,NC,1986-01-14,178cm,75kg,34
412,구본욱,NC,1990-05-05,183cm,88kg,30
413,김성호,NC,1990-07-30,182cm,77kg,29
414,임제우,NC,1990-12-05,176cm,77kg,29
415,강병우,NC,1986-12-26,183cm,84kg,33
416,강성호,NC,1988-02-23,189cm,91kg,32
417,이철우,NC,1989-06-30,183cm,86kg,30
418,김준완,NC,1991-01-20,174cm,73kg,29
419,박세웅,NC,1993-08-12,180cm,80kg,26
420,박기민,두산,1988-05-15,176cm,78kg,32
421,황윤호,KIA,1993-09-22,177cm,78kg,26
422,오정복,KT,1986-10-13,176cm,77kg,33
423,권오준,삼성,1980-03-09,182cm,80kg,40
424,배영수,두산,1981-05-04,184cm,84kg,39
425,김건한,삼성,1981-03-26,182cm,82kg,39
426,신용운,삼성,1983-09-08,180cm,72kg,36
427,안지만,삼성,1983-10-01,180cm,83kg,36
428,권혁,두산,1983-11-06,187cm,85kg,36
429,윤성환,삼성,1981-10-08,183cm,88kg,38
430,박근홍,롯데,1985-08-22,180cm,90kg,34
431,오승환,삼성,1982-07-15,178cm,92kg,37
432,조현근,삼성,1985-11-21,184cm,74kg,34
433,장원삼,롯데,1983-06-09,181cm,81kg,37
434,김기태,삼성,1987-05-11,183cm,96kg,33
435,차우찬,LG,1987-05-31,185cm,80kg,33
436,이동걸,한화,1983-08-12,185cm,87kg,36
437,백정현,삼성,1987-07-13,184cm,80kg,32
438,이승우,삼성,1988-12-08,183cm,83kg,31
439,김건필,삼성,1988-06-19,187cm,93kg,32
440,최원제,삼성,1989-02-04,183cm,95kg,31
441,노진용,삼성,1990-02-15,182cm,85kg,30
442,이우선,삼성,1983-04-19,179cm,83kg,37
443,양지훈,삼성,1985-04-15,183cm,82kg,35
444,김현우,삼성,1988-01-21,185cm,111kg,32
445,심창민,삼성,1993-02-01,185cm,86kg,27
446,이현동,삼성,1993-03-27,183cm,83kg,27
447,밴덴헐크,삼성,1985-05-22,196cm,98kg,35
448,로드리게스,삼성,1987-12-13,193cm,91kg,32
449,진갑용*,삼성,1974-05-08,182cm,90kg,46
450,채상병,삼성,1979-12-18,184cm,95kg,40
451,이정식,삼성,1981-11-02,183cm,90kg,38
452,김동욱,KT,1988-06-24,183cm,89kg,31
453,이지영,Hero,1986-02-27,178cm,83kg,34
454,정우양,삼성,1988-07-06,182cm,82kg,31
455,이승엽,삼성,1976-08-18,183cm,87kg,43
456,신명철,KT,1978-08-06,181cm,77kg,41
457,조동찬,삼성,1983-07-27,180cm,80kg,36
458,강명구,삼성,1980-10-25,181cm,70kg,39
459,김태완,삼성,1981-09-19,174cm,81kg,38
460,박석민,NC,1985-06-22,178cm,88kg,34
461,모상기,KT,1987-01-03,193cm,100kg,33
462,채태인,SK,1982-10-11,187cm,94kg,37
463,김상수,삼성,1990-03-23,175cm,68kg,30
464,백상원,삼성,1988-01-02,177cm,76kg,32
465,김정혁,삼성,1985-08-03,182cm,82kg,34
466,정병곤,두산,1988-03-23,176cm,72kg,32
467,성의준,삼성,1989-12-17,175cm,75kg,30
468,강봉규,삼성,1978-01-12,183cm,88kg,42
469,박한이,삼성,1979-01-28,182cm,91kg,41
470,최형우,KIA,1983-12-16,179cm,106kg,36
471,허승민,삼성,1986-02-28,177cm,75kg,34
472,김경모,삼성,1989-06-15,177cm,72kg,31
473,우동균,삼성,1989-12-03,175cm,68kg,30
474,배영섭,SK,1986-06-27,178cm,78kg,33
475,정형식,삼성,1991-01-28,178cm,73kg,29
476,이상훈,삼성,1987-05-04,171cm,75kg,33
477,김헌곤,삼성,1988-11-09,174cm,81kg,31
478,박찬도,삼성,1989-02-22,185cm,75kg,31
479,손형준,삼성,1989-07-01,186cm,88kg,30
480,두영진,삼성,1985-09-30,187cm,84kg,34
481,홍효의,삼성,1989-03-02,190cm,87kg,31
482,이흥련,두산,1989-05-16,183cm,85kg,31
483,김성표,삼성,1994-03-17,179cm,65kg,26
484,윤대경,한화,1994-04-09,179cm,75kg,26
485,정현,SK,1994-06-01,181cm,80kg,26
486,김지훈,KIA,1993-03-19,177cm,80kg,27
487,이준형,LG,1993-06-03,188cm,76kg,27
488,박상원,삼성,1994-02-07,187cm,76kg,26
489,이재익,삼성,1994-03-18,180cm,76kg,26
490,박재근,삼성,1994-05-09,190cm,95kg,26
491,김종석,삼성,1994-09-08,185cm,87kg,25
492,이영수,삼성,1981-05-09,184cm,90kg,39
493,김현중,삼성,1986-08-16,180cm,90kg,33
494,김동영,삼성,1990-05-12,180cm,78kg,30
495,김영훈,삼성,1989-03-24,178cm,75kg,31
496,김준호,삼성,1989-11-25,176cm,85kg,30
497,한겸,삼성,1993-06-02,173cm,72kg,27
498,강원형,삼성,1990-02-22,178cm,95kg,30
499,라준성,삼성,1990-08-25,176cm,68kg,29
500,김영환,KT,1993-01-31,178cm,74kg,27
501,조원태,삼성,1992-03-31,175cm,80kg,28
502,정두산,삼성,1989-03-06,183cm,90kg,31
503,이동현,삼성,1989-08-05,177cm,78kg,30
504,박해민,삼성,1990-02-24,180cm,75kg,30
505,이동훈,삼성,1992-06-27,186cm,101kg,27
506,신용승,KT,1993-04-04,180cm,76kg,27
507,정승인,삼성,1990-07-11,183cm,85kg,29
508,곽병선,삼성,1994-08-04,178cm,85kg,25
509,박민규,삼성,1990-09-12,180cm,76kg,29
510,정인욱,삼성,1990-12-18,186cm,85kg,29
511,임진우,두산,1987-05-13,186cm,95kg,33
512,김재우,삼성,1987-07-04,186cm,83kg,32
513,임현준,삼성,1988-12-21,184cm,85kg,31
514,우병걸,삼성,1990-03-31,183cm,81kg,30
515,황수범,삼성,1986-11-17,183cm,81kg,33
516,구자욱,삼성,1993-02-12,189cm,75kg,27
517,이영욱,KIA,1985-10-11,180cm,85kg,34
518,문선엽,삼성,1991-07-31,175cm,80kg,28
519,최영필,KIA,1974-05-13,184cm,92kg,46
520,임경완,한화,1975-12-28,185cm,94kg,44
521,이승호,SK,1976-08-23,189cm,90kg,43
522,엄정욱,SK,1981-06-18,191cm,94kg,39
523,신승현,LG,1983-08-13,193cm,100kg,36
524,채병용,SK,1982-04-25,185cm,100kg,38
525,이재영,SK,1979-06-13,187cm,90kg,41
526,제춘모,SK,1982-04-05,191cm,91kg,38
527,윤길현,롯데,1983-09-23,183cm,85kg,36
528,이영욱,삼성,1980-08-13,190cm,93kg,39
529,송은범,LG,1984-03-17,182cm,88kg,36
530,전병두,SK,1984-10-14,181cm,77kg,35
531,민경수,SK,1981-05-19,185cm,90kg,39
532,윤희상,SK,1985-05-17,193cm,88kg,35
533,박정배,SK,1982-04-01,180cm,82kg,38
534,전유수,KT,1986-11-29,185cm,95kg,33
535,박희수,SK,1983-07-13,184cm,84kg,36
536,이한진,SK,1983-12-20,190cm,92kg,36
537,김광현,SK,1988-07-22,187cm,83kg,31
538,김준,KIA,1985-10-08,180cm,80kg,34
539,백청훈,LG,1987-11-19,185cm,95kg,32
540,여건욱,LG,1986-09-16,185cm,92kg,33
542,신정익,SK,1987-02-04,192cm,95kg,33
543,김주원,KT,1991-08-30,188cm,90kg,28
544,임치영,SK,1988-10-29,180cm,80kg,31
545,문승원,SK,1989-11-28,183cm,85kg,30
546,허건엽,SK,1993-07-24,178cm,84kg,26
547,세든,SK,1983-08-03,193cm,93kg,36
548,레이예스,SK,1984-11-20,189cm,97kg,35
549,박경완,SK,1972-07-11,178cm,88kg,47
550,조인성,한화,1975-05-25,183cm,99kg,45
551,정상호,두산,1982-12-24,186cm,98kg,37
552,허웅,SK,1983-09-17,177cm,80kg,36
553,이재원,SK,1988-02-24,185cm,98kg,32
554,김정훈,SK,1987-05-23,182cm,85kg,33
555,박진만,SK,1976-11-30,178cm,82kg,43
556,나주환,KIA,1984-06-14,182cm,83kg,36
557,박정권,SK,1981-07-21,187cm,93kg,38
558,정근우,LG,1982-10-02,172cm,75kg,37
559,최정,SK,1987-02-28,180cm,84kg,33
560,홍명찬,SK,1987-01-19,187cm,87kg,33
561,김성현,SK,1987-03-09,172cm,68kg,33
562,박윤,Hero,1988-03-07,181cm,90kg,32
563,권영진,SK,1984-11-18,180cm,82kg,35
564,최윤석,한화,1987-03-28,175cm,74kg,33
565,조성우,SK,1988-02-08,188cm,90kg,32
566,안정광,KT,1989-11-29,184cm,82kg,30
567,박승욱,KT,1992-12-04,184cm,76kg,27
568,조동화,SK,1981-03-22,175cm,74kg,39
569,박재상,SK,1982-07-20,178cm,80kg,37
570,김강민,SK,1982-09-13,182cm,82kg,37
571,안치용,SK,1979-02-23,183cm,93kg,41
572,임훈,LG,1985-07-17,186cm,86kg,34
573,김재현,SK,1987-11-07,174cm,70kg,32
574,이명기,NC,1987-12-26,183cm,80kg,32
575,정진기,SK,1992-10-10,185cm,84kg,27
576,김도현,SK,1992-10-23,182cm,93kg,27
577,한동민,SK,1989-08-09,190cm,95kg,30
578,이석재,SK,1990-01-18,178cm,73kg,30
579,이경재,SK,1994-10-26,184cm,105kg,25
581,이창욱,SK,1984-08-28,181cm,80kg,35
582,김영롱,SK,1988-02-10,192cm,92kg,32
583,윤석주,SK,1990-04-27,181cm,72kg,30
584,최진호,SK,1992-11-14,185cm,83kg,27
585,성양민,SK,1992-03-13,173cm,80kg,28
586,유영하,SK,1993-10-10,180cm,85kg,26
587,김정빈,SK,1994-06-08,182cm,73kg,26
588,이윤재,SK,1989-01-02,179cm,89kg,31
589,위준호,SK,1988-08-03,185cm,95kg,31
590,김제성,SK,1990-06-10,178cm,89kg,30
591,박계현,SK,1992-03-08,181cm,75kg,28
592,정규창,SK,1989-06-29,178cm,83kg,30
593,박인성,SK,1990-03-23,178cm,74kg,30
594,최항,SK,1994-01-03,183cm,88kg,26
595,모상영,SK,1991-04-05,188cm,99kg,29
596,김원준,SK,1991-12-12,175cm,70kg,28
597,정효원,SK,1992-09-13,184cm,81kg,27
598,김기현,한화,1989-04-03,184cm,96kg,31
599,신창명,SK,1988-02-02,183cm,79kg,32
600,최윤철,SK,1989-10-24,188cm,81kg,30
601,이양우,SK,1993-05-08,185cm,81kg,27
602,최민재,SK,1994-01-08,180cm,84kg,26
603,류효용,SK,1994-07-16,180cm,95kg,25
604,고효준,롯데,1983-02-08,179cm,71kg,37
605,정우람,한화,1985-06-01,181cm,82kg,35
606,오수호,SK,1990-04-20,176cm,90kg,30
607,김태훈,SK,1990-05-19,176cm,86kg,30
608,이상백,SK,1987-03-10,178cm,89kg,33
609,문광은,LG,1987-11-09,180cm,85kg,32
610,박종훈,SK,1991-08-13,186cm,82kg,28
611,이재인,SK,1989-08-16,180cm,88kg,30
612,서진용,SK,1992-10-02,184cm,88kg,27
613,김민식,KIA,1989-06-28,180cm,80kg,30
614,김연훈,KT,1984-12-23,180cm,72kg,35
615,윤중환,SK,1990-09-07,180cm,80kg,29
616,김문홍,SK,1987-09-09,181cm,92kg,32
617,최정민,KIA,1989-06-02,177cm,75kg,31
618,김선우,LG,1977-09-04,184cm,87kg,42
619,정재훈,두산,1980-01-01,178cm,82kg,40
620,김태영,KIA,1980-04-07,181cm,82kg,40
621,이재우,한화,1980-02-09,183cm,82kg,40
622,이혜천,NC,1979-03-12,184cm,97kg,41
623,노경은,롯데,1984-03-11,186cm,85kg,36
624,이용찬*,두산,1989-01-02,185cm,85kg,31
625,서동환,삼성,1986-03-27,185cm,87kg,34
626,김창훈,두산,1985-10-03,183cm,82kg,34
627,임태훈,두산,1988-09-28,182cm,83kg,31
628,박민석,NC,1989-07-04,189cm,100kg,30
629,김강률,두산,1988-08-28,187cm,95kg,31
630,홍상삼,KIA,1990-02-13,188cm,85kg,30
631,안규영,두산,1988-04-12,185cm,85kg,32
632,김명성,두산,1988-04-08,179cm,88kg,32
633,정대현,Hero,1991-07-19,186cm,97kg,28
634,오성민,두산,1985-11-06,181cm,84kg,34
635,이정호,두산,1992-04-11,184cm,88kg,28
636,강동연,NC,1992-12-18,195cm,94kg,27
637,양현,Hero,1992-08-23,188cm,70kg,27
638,원용묵,두산,1986-06-25,187cm,96kg,33
639,오현택,롯데,1985-07-17,180cm,73kg,34
640,윤명준,두산,1989-06-18,178cm,78kg,31
641,변시원,KIA,1993-04-01,178cm,78kg,27
642,유희관,두산,1986-06-01,180cm,88kg,34
643,성영훈,두산,1990-06-24,180cm,82kg,29
644,니퍼트,KT,1981-05-06,203cm,103kg,39
646,양의지,NC,1987-06-05,179cm,85kg,33
647,최재훈,한화,1989-08-27,178cm,76kg,30
648,박세혁,두산,1990-01-09,181cm,86kg,30
649,김응민,삼성,1991-10-22,178cm,90kg,28
650,홍성흔,두산,1977-02-28,180cm,96kg,43
651,김동주,두산,1976-02-03,180cm,102kg,44
652,손시헌,NC,1980-10-19,172cm,73kg,39
653,최준석,NC,1983-02-15,185cm,115kg,37
654,고영민,두산,1984-02-08,182cm,73kg,36
655,윤석민,SK,1985-09-04,180cm,86kg,34
656,김재호,두산,1985-03-21,181cm,75kg,35
657,오재원,두산,1985-02-09,185cm,75kg,35
658,이원석,삼성,1986-10-21,182cm,82kg,33
659,김동길,두산,1987-03-01,179cm,77kg,33
660,김동한,롯데,1988-06-24,175cm,73kg,31
661,오재일,두산,1986-10-29,187cm,95kg,33
662,최주환,두산,1988-02-28,178cm,73kg,32
663,허경민,두산,1990-08-26,176cm,69kg,29
664,오장훈,두산,1984-05-19,186cm,100kg,36
665,임재철,롯데,1976-04-08,182cm,89kg,44
666,이종욱,NC,1980-06-18,176cm,77kg,40
667,김현수,LG,1988-01-12,188cm,100kg,32
668,정수빈,두산,1990-10-07,175cm,70kg,29
669,민병헌,롯데,1987-03-10,178cm,78kg,33
670,오현근,롯데,1985-09-12,183cm,75kg,34
671,박건우,두산,1990-09-08,184cm,80kg,29
672,백진우,두산,1988-11-24,182cm,83kg,31
673,국해성,두산,1989-10-08,180cm,94kg,30
674,김재환*,두산,1988-09-22,183cm,90kg,31
675,정혁진,LG,1994-07-18,191cm,95kg,25
676,함덕주,두산,1995-01-13,181cm,78kg,25
677,송주영,두산,1994-12-08,186cm,85kg,25
678,천영웅,두산,1994-03-23,178cm,76kg,26
679,장승현,두산,1994-03-07,184cm,86kg,26
680,김인태,두산,1994-07-03,178cm,78kg,25
681,이우성,KIA,1994-07-17,182cm,95kg,25
682,강화영,두산,1993-05-07,182cm,95kg,27
683,이동원,두산,1993-12-15,190cm,105kg,26
684,이용호,두산,1988-05-07,181cm,76kg,32
685,박민정,두산,1988-10-11,179cm,85kg,31
686,박종기,두산,1995-01-21,177cm,68kg,25
687,서두원,두산,1990-09-25,182cm,85kg,29
688,유창준,두산,1989-07-25,184cm,105kg,30
689,곽용섭,두산,1983-02-03,188cm,104kg,37
690,홍재용,두산,1989-07-26,180cm,73kg,30
691,김준호,두산,1991-12-09,185cm,78kg,28
692,신동규,두산,1989-10-09,181cm,83kg,30
693,정수환,두산,1989-05-02,192cm,108kg,31
694,최현진,두산,1992-09-24,184cm,93kg,27
695,이현승,두산,1983-10-11,179cm,85kg,36
696,이현호,한화,1992-07-14,185cm,80kg,27
697,진야곱*,두산,1989-04-11,183cm,81kg,31
698,장민익,두산,1991-02-05,207cm,99kg,29
699,조승수,두산,1990-06-09,191cm,73kg,30
700,이원재,두산,1988-12-01,187cm,81kg,31
701,윤도경,KT,1989-07-02,182cm,85kg,30
702,김강,두산,1988-10-16,188cm,89kg,31
703,류지혁,KIA,1994-01-13,181cm,75kg,26
704,유민상,KIA,1989-04-13,186cm,95kg,31
705,김진형,NC,1990-06-07,179cm,83kg,30
706,정진호,한화,1988-10-02,185cm,78kg,31
707,김사율,KT,1980-04-17,181cm,95kg,40
708,이용훈,롯데,1977-08-14,183cm,83kg,42
709,강영식,롯데,1981-06-17,189cm,98kg,39
710,정대현,롯데,1978-11-10,184cm,104kg,41
711,이정민,롯데,1979-03-02,183cm,83kg,41
712,이명우,롯데,1982-06-03,185cm,98kg,38
713,김성배,두산,1981-01-12,181cm,81kg,39
714,김승회,두산,1981-02-11,177cm,85kg,39
715,박건우,롯데,1985-04-06,183cm,87kg,35
716,최대성,두산,1985-05-17,182cm,80kg,35
717,허준혁,롯데,1985-12-15,180cm,87kg,34
718,조정훈,롯데,1985-05-03,188cm,95kg,35
719,이지모,롯데,1986-10-30,183cm,88kg,33
720,나승현,롯데,1987-04-06,178cm,90kg,33
721,송승준,롯데,1980-06-29,183cm,105kg,39
722,이상화,KT,1988-03-01,188cm,95kg,32
723,이웅한,롯데,1988-08-19,185cm,87kg,31
724,이재곤,롯데,1988-11-24,191cm,96kg,31
725,강승현,한화,1985-10-06,186cm,94kg,34
726,진명호,롯데,1989-03-20,191cm,91kg,31
727,고원준,두산,1990-06-23,182cm,83kg,29
728,박시영,롯데,1989-03-10,181cm,88kg,31
729,김수완,두산,1989-07-20,185cm,71kg,30
730,이정담,SK,1991-08-05,183cm,82kg,28
731,정태승,롯데,1988-03-17,180cm,83kg,32
732,김성호,롯데,1989-03-14,180cm,87kg,31
733,홍성민,NC,1989-07-15,189cm,73kg,30
734,박휘성,롯데,1992-06-01,182cm,80kg,28
735,유먼,한화,1979-10-11,195cm,100kg,40
736,용덕한,NC,1981-04-09,176cm,82kg,39
737,강민호,삼성,1985-08-18,186cm,100kg,34
738,변용선,롯데,1987-05-17,183cm,75kg,33
739,김사훈,롯데,1987-06-18,174cm,86kg,33
740,장성호,KT,1977-10-18,183cm,93kg,42
741,조성환,롯데,1976-12-23,180cm,83kg,43
742,박기혁,KT,1981-06-04,179cm,77kg,39
743,박준서,롯데,1981-12-11,180cm,80kg,38
744,박종윤,롯데,1982-04-11,188cm,92kg,38
745,문규현,롯데,1983-07-05,184cm,90kg,36
746,손용석,롯데,1987-04-13,175cm,84kg,33
747,황재균,KT,1987-07-28,183cm,90kg,32
748,황진수,롯데,1989-02-15,180cm,79kg,31
749,권영준,롯데,1986-06-04,176cm,80kg,34
750,양종민,LG,1990-10-09,181cm,83kg,29
751,정훈,롯데,1987-07-18,181cm,84kg,32
752,허일,롯데,1992-11-20,177cm,88kg,27
753,신본기,롯데,1989-03-21,178cm,82kg,31
754,이우민,롯데,1982-05-04,182cm,85kg,38
755,정보명,롯데,1980-08-23,177cm,82kg,39
756,이인구,롯데,1980-11-07,186cm,94kg,39
757,황동채,롯데,1983-07-04,180cm,73kg,36
758,김문호,한화,1987-06-22,183cm,93kg,32
759,손아섭,롯데,1988-03-18,174cm,88kg,32
760,김대우,롯데,1984-07-26,190cm,94kg,35
761,전준우,롯데,1986-02-25,184cm,91kg,34
762,송주은,롯데,1994-03-25,189cm,97kg,26
763,이종하,롯데,1994-07-19,183cm,92kg,25
764,김준태,롯데,1994-07-31,175cm,91kg,25
765,임종혁,롯데,1990-04-07,177cm,75kg,30
766,조홍석,롯데,1990-02-23,175cm,70kg,30
767,백동훈,두산,1990-09-16,184cm,98kg,29
768,고도현,롯데,1990-10-13,182cm,97kg,29
769,양동운,롯데,1991-05-15,186cm,95kg,29
770,장국헌,롯데,1991-10-05,182cm,71kg,28
771,김원중,롯데,1993-06-14,191cm,91kg,27
772,김광용,롯데,1989-10-15,178cm,91kg,30
773,구승민,롯데,1990-06-12,181cm,80kg,30
774,박진형,롯데,1994-06-10,179cm,70kg,26
775,장익호,롯데,1990-06-11,178cm,86kg,30
776,이동희,롯데,1991-01-31,176cm,86kg,29
777,백왕중,롯데,1992-08-06,178cm,70kg,27
778,김상호,롯데,1989-05-10,182cm,82kg,31
779,김종민,롯데,1994-08-27,177cm,64kg,25
780,박상신,롯데,1989-12-27,188cm,91kg,30
781,이명진,롯데,1990-03-07,182cm,101kg,30
782,정준혁,롯데,1994-04-01,181cm,91kg,26
783,장원준,두산,1985-07-31,184cm,85kg,34
784,배장호,롯데,1987-06-25,188cm,92kg,32
786,홍재영,롯데,1990-09-25,185cm,92kg,29
787,김근호,롯데,1991-05-30,189cm,90kg,29
788,이경우,롯데,1987-11-09,183cm,79kg,32
789,장성우,KT,1990-01-17,187cm,95kg,30
790,윤수강,NC,1990-02-22,181cm,96kg,30
791,김주현,롯데,1988-04-16,182cm,85kg,32
792,오태곤,KT,1991-11-18,184cm,80kg,28
793,김민하,한화,1989-02-25,183cm,88kg,31
794,송신영,한화,1977-03-01,180cm,88kg,43
795,이승호,SK,1981-09-09,176cm,86kg,38
796,황덕균,Hero,1983-04-28,185cm,84kg,37
797,문수호,NC,1983-06-04,185cm,85kg,37
798,김진성,NC,1985-03-07,186cm,92kg,35
799,원종현,NC,1987-07-31,182cm,83kg,32
800,한윤기,NC,1988-07-22,186cm,80kg,31
801,고창성,KT,1984-12-21,184cm,82kg,35
802,임창민,NC,1985-08-25,183cm,85kg,34
803,민태호,NC,1989-09-12,181cm,73kg,30
804,이재학,NC,1990-10-04,180cm,76kg,29
805,윤영삼,Hero,1992-07-14,181cm,87kg,27
806,이태양*,NC,1993-01-28,183cm,82kg,27
807,정진,NC,1979-08-06,174cm,72kg,40
808,이창호,LG,1987-03-09,183cm,83kg,33
809,노성호,삼성,1989-10-22,182cm,89kg,30
810,신재영,Hero,1989-11-18,185cm,91kg,30
811,이민호,NC,1993-08-11,182cm,80kg,26
812,이형범,두산,1994-02-27,180cm,86kg,26
813,해커,Hero,1983-03-26,185cm,104kg,37
814,찰리,NC,1985-10-25,190cm,93kg,34
815,아담,NC,1987-12-09,188cm,82kg,32
816,허준,NC,1981-07-20,182cm,97kg,38
817,김태군,NC,1989-12-30,182cm,82kg,30
818,이태원,NC,1986-03-17,177cm,76kg,34
819,김태우,NC,1989-07-23,180cm,80kg,30
820,이호준,NC,1976-02-08,187cm,98kg,44
821,김동건,NC,1982-03-07,178cm,88kg,38
822,이현곤,NC,1980-02-21,183cm,83kg,40
823,조평호,NC,1985-08-07,188cm,84kg,34
824,조영훈,NC,1982-11-12,185cm,90kg,37
825,차화준,삼성,1986-03-20,180cm,180kg,34
826,모창민,NC,1985-05-08,188cm,89kg,35
827,이명환,NC,1985-04-26,188cm,94kg,35
828,노진혁,NC,1989-07-15,181cm,72kg,30
829,박민우,NC,1993-02-06,183cm,70kg,27
830,강진성,NC,1993-10-19,180cm,81kg,26
831,김종호,NC,1984-05-31,183cm,82kg,36
832,박상혁,NC,1990-03-07,187cm,74kg,30
833,김종찬,NC,1987-07-22,188cm,102kg,32
834,마낙길,NC,1989-06-22,178cm,75kg,30
835,나성범,NC,1989-10-03,183cm,96kg,30
836,박헌욱,NC,1993-04-11,184cm,88kg,27
837,김성욱,NC,1993-05-01,181cm,75kg,27
838,강구성,LG,1993-06-09,180cm,70kg,27
839,옥스프링,KT,1977-05-13,183cm,90kg,43
840,송광민,한화,1983-06-24,183cm,81kg,36
841,이브랜드,한화,1983-10-29,186cm,105kg,36
842,올슨,두산,1983-10-18,185cm,93kg,36
843,송주호,한화,1988-07-11,181cm,80kg,31
844,손민한,NC,1975-01-02,179cm,85kg,45
845,마틴,삼성,1983-01-02,193cm,101kg,37
846,나바로,삼성,1987-10-31,183cm,93kg,32
847,볼스테드,두산,1986-09-23,207cm,104kg,33
848,칸투,두산,1982-01-30,192cm,92kg,38
849,리오단,LG,1986-05-25,193cm,90kg,34
850,조쉬벨,LG,1986-11-13,190cm,104kg,33
851,로티노,Hero,1980-04-07,183cm,86kg,40
853,울프,SK,1982-10-18,182cm,82kg,37
854,스캇,SK,1978-06-25,182cm,100kg,41
855,웨버,NC,1984-09-28,189cm,93kg,35
856,테임즈,NC,1986-11-10,183cm,95kg,33
857,어센시오,KIA,1983-05-30,189cm,82kg,37
858,홀튼,KIA,1979-08-12,193cm,107kg,40
859,브렛필,KIA,1984-09-09,193cm,102kg,35
860,앨버스,한화,1985-10-06,185cm,88kg,34
861,클레이,한화,1988-02-15,188cm,82kg,32
862,피에,한화,1985-02-08,188cm,86kg,35
863,강경학,한화,1992-08-11,181cm,72kg,27
864,김민수,삼성,1991-03-02,177cm,80kg,29
865,노태형,한화,1995-02-08,182cm,74kg,25
866,박준혁,한화,1991-01-09,188cm,91kg,29
867,여승철,두산,1984-05-29,184cm,87kg,36
868,서균,한화,1992-01-11,185cm,81kg,28
869,전용훈,두산,1995-03-20,182cm,75kg,25
870,최병욱,두산,1989-06-02,181cm,88kg,31
871,윤규진,한화,1984-07-28,185cm,90kg,35
872,한주성,두산,1995-02-26,184cm,90kg,25
873,문진제,두산,1991-08-01,183cm,79kg,28
874,이창열,한화,1991-09-06,175cm,70kg,28
875,이성곤,삼성,1992-03-25,186cm,93kg,28
876,최형록,두산,1989-08-23,180cm,98kg,30
877,김경호,SK,1995-07-31,180cm,68kg,24
878,정광운,삼성,1991-04-21,184cm,81kg,29
879,최영환,롯데,1992-02-20,181cm,88kg,28
880,황영국,한화,1995-12-26,185cm,83kg,24
881,강한울,삼성,1991-09-12,181cm,66kg,28
882,김영광,Hero,1991-11-03,182cm,73kg,28
883,류현철,KIA,1991-05-08,186cm,81kg,29
884,박서준,KIA,1991-09-12,185cm,85kg,28
885,박준태,Hero,1991-07-26,181cm,75kg,28
886,박찬호,KIA,1995-06-05,178cm,71kg,25
887,차명진,KIA,1995-03-03,187cm,89kg,25
888,안규현,삼성,1995-11-30,184cm,79kg,24
889,구자형,Hero,1990-11-30,188cm,88kg,29
890,이수민,삼성,1995-09-11,180cm,94kg,24
891,김희석,삼성,1990-02-25,179cm,75kg,30
892,김하성,Hero,1995-10-17,175cm,76kg,24
893,박계범,삼성,1996-01-11,178cm,72kg,24
894,박병훈,Hero,1991-10-01,181cm,83kg,28
895,송준석,삼성,1994-05-04,176cm,78kg,26
896,백승룡,,1982-08-16,180cm,83kg,37
897,이용하,Hero,1995-05-03,185cm,90kg,25
898,임지섭,LG,1995-09-06,190cm,94kg,24
899,양석환,LG,1991-07-15,185cm,90kg,28
900,장준원,LG,1995-11-21,183cm,77kg,24
901,배정대,KT,1995-06-12,185cm,80kg,25
902,임지열,Hero,1995-08-22,180cm,90kg,24
903,하영민,Hero,1995-05-07,180cm,68kg,25
904,임병욱,Hero,1995-09-30,185cm,84kg,24
905,김학성,NC,1991-06-15,183cm,82kg,29
906,배재환,NC,1995-02-24,186cm,95kg,25
907,박대온,NC,1995-08-28,182cm,74kg,24
908,강민국,KT,1992-01-10,176cm,80kg,28
909,김태진,NC,1995-10-07,173cm,68kg,24
910,홍지운,NC,1991-11-30,183cm,84kg,28
911,이지우,NC,1994-05-22,183cm,84kg,26
912,박명환*,NC,1977-06-07,186cm,92kg,43
913,이승재,NC,1983-06-09,182cm,88kg,37
914,홍성용,KT,1986-11-18,180cm,85kg,33
915,박규민,SK,1995-03-14,185cm,79kg,25
916,박민호,SK,1992-02-25,185cm,95kg,28
917,이건욱,SK,1995-02-13,182cm,85kg,25
918,정영일,SK,1988-11-16,188cm,98kg,31
919,김유영,롯데,1994-05-02,180cm,79kg,26
920,유서준,SK,1995-12-04,178cm,75kg,24
921,문동욱,한화,1992-01-07,187cm,90kg,28
922,신원재,롯데,1991-07-17,185cm,90kg,28
923,심규범,NC,1991-09-04,180cm,84kg,28
924,이인복,롯데,1991-06-18,186cm,88kg,29
925,이창진,KIA,1991-03-04,175cm,80kg,29
926,박상현,SK,1989-11-22,177cm,81kg,30
927,신윤호,SK,1975-05-15,184cm,100kg,45
928,김재현,삼성,1991-08-30,176cm,73kg,28
929,핸킨스,두산,1983-07-01,195cm,88kg,36
930,카리대,삼성,1983-10-28,178cm,89kg,36
931,빌로우,KIA,1985-11-15,190cm,100kg,34
932,티포드,LG,1984-05-15,183cm,75kg,36
933,임창용,KIA,1976-06-04,180cm,75kg,44
934,김태훈,Hero,1992-03-02,185cm,90kg,28
935,조영우,SK,1995-06-27,185cm,80kg,24
936,타투스코,한화,1985-03-27,196cm,92kg,35
937,스나이더,Hero,1982-05-25,192cm,96kg,38
938,밴와트,KT,1986-02-14,191cm,100kg,34
939,황목치승,LG,1985-06-21,173cm,68kg,35
940,토마스,KIA,1984-01-18,190cm,99kg,36
941,마야,두산,1981-08-28,183cm,92kg,38
942,정성민,NC,1991-03-20,180cm,85kg,29
943,오태선,삼성,1992-02-20,180cm,85kg,28
944,고든,삼성,1978-08-16,183cm,86kg,41
945,탈보트,한화,1983-10-17,180cm,85kg,36
946,이규대,삼성,1986-10-20,182cm,87kg,33
947,박화랑,삼성,1991-06-18,176cm,78kg,29
948,노승현,삼성,1989-02-20,187cm,104kg,31
949,권준일,삼성,1993-02-16,190cm,85kg,27
950,유원선,삼성,1992-12-02,182cm,86kg,27
951,김태욱,삼성,1989-02-09,185cm,78kg,31
952,최지운,삼성,1989-07-10,170cm,80kg,30
953,최원재,KT,1987-04-29,185cm,84kg,33
954,로페즈,SK,1975-04-21,190cm,84kg,45
955,마리오,SK,1984-12-16,185cm,95kg,35
956,박재홍,SK,1973-09-07,176cm,85kg,46
957,유재웅,SK,1979-05-20,183cm,92kg,41
958,조재호,SK,1980-01-10,178cm,77kg,40
959,박진원,SK,1987-03-17,179cm,75kg,33
960,이상훈,SK,1985-05-10,181cm,78kg,35
961,김종진,SK,1987-03-05,181cm,83kg,33
962,김유신,롯데,1986-05-01,190cm,90kg,34
963,이동훈,롯데,1981-12-25,175cm,88kg,38
964,박진환,롯데,1981-03-10,183cm,86kg,39
965,사도스키,롯데,1982-10-04,193cm,88kg,37
966,유정민,롯데,1988-08-31,190cm,95kg,31
967,최혁권,롯데,1985-01-16,183cm,75kg,35
968,양대원,롯데,1985-04-26,180cm,77kg,35
969,문양식,롯데,1989-02-26,198cm,100kg,31
970,이지혁,NC,1992-03-13,182cm,95kg,28
971,김현우,롯데,1989-08-22,173cm,75kg,30
972,박승민,KIA,1977-03-18,186cm,88kg,43
973,조태수,KIA,1983-05-29,183cm,88kg,37
974,고우석,KIA,1984-11-03,183cm,88kg,35
975,손영민,KIA,1987-04-28,184cm,104kg,33
976,김태훈,KIA,1987-09-28,185cm,76kg,32
977,권희석,KIA,1985-05-13,190cm,98kg,35
978,정상교,KIA,1991-10-01,177cm,73kg,28
979,이종범,KIA,1970-08-15,178cm,73kg,49
980,라미레즈,KIA,1979-11-24,185cm,95kg,40
981,한동훈,KIA,1993-06-18,180cm,90kg,27
982,전은석,KIA,1993-10-11,182cm,75kg,26
983,김경탁,KIA,1993-05-25,180cm,85kg,27
984,차정민,KIA,1982-11-23,181cm,82kg,37
985,박정규,KIA,1983-04-17,175cm,80kg,37
986,현철민,KIA,1987-04-23,177cm,83kg,33
987,이두환,KIA,1988-03-16,185cm,105kg,32
988,박진영,,1985-03-27,178cm,75kg,35
989,김종문,KIA,1990-04-03,185cm,93kg,30
990,이제우,KIA,1991-05-10,183cm,88kg,29
991,박세준,KIA,1992-07-01,190cm,74kg,27
992,윤효섭,KIA,1990-10-24,170cm,72kg,29
993,윤민호,KIA,1993-02-14,190cm,95kg,27
994,김현민,두산,1992-04-12,185cm,86kg,28
995,이현민,두산,1990-07-11,180cm,78kg,29
996,권영준,두산,1988-04-24,185cm,80kg,32
997,김이슬,두산,1984-06-15,181cm,83kg,36
998,장우람,두산,1988-09-07,185cm,92kg,31
999,천상웅,두산,1991-05-30,182cm,77kg,29
1000,프록터,두산,1977-01-02,185cm,90kg,43
1001,이준명,LG,1992-04-06,175cm,80kg,28
1002,서보민,LG,1989-06-16,174cm,78kg,31
1003,서성종,LG,1983-06-17,182cm,104kg,37
1004,김유선,LG,1988-12-01,188cm,82kg,31
1005,김웅,롯데,1993-12-16,181cm,76kg,26
1006,최현종,LG,1985-07-08,180cm,85kg,34
1007,박찬호,한화,1973-06-30,185cm,93kg,46
1008,신주영,한화,1984-02-15,185cm,86kg,36
1009,안영진,한화,1983-09-03,183cm,80kg,36
1010,류현진,한화,1987-03-25,187cm,98kg,33
1011,이영기,한화,1992-07-25,186cm,92kg,27
1012,정원석,한화,1977-03-27,180cm,90kg,43
1013,배스,한화,1982-01-06,189cm,95kg,38
1014,최우석,한화,1993-02-06,183cm,80kg,27
1015,김원석,한화,1989-10-29,182cm,83kg,30
1016,공민호,한화,1989-02-05,184cm,85kg,31
1017,김병근,한화,1993-07-07,184cm,85kg,26
1018,최연오,한화,1984-03-14,180cm,90kg,36
1019,김동빈,한화,1991-11-07,179cm,83kg,28
1020,김우석,한화,1988-06-06,178cm,69kg,32
1021,김기남,한화,1982-07-15,185cm,86kg,37
1022,이성호,한화,1985-03-09,181cm,84kg,35
1023,김수경,Hero,1979-08-20,183cm,88kg,40
1024,강병식,Hero,1977-04-23,182cm,85kg,43
1025,이승주,Hero,1984-04-13,180cm,74kg,36
1026,신영재,Hero,1987-12-30,178cm,87kg,32
1027,길민세,Hero,1993-07-10,180cm,73kg,26
1028,김규민,Hero,1993-01-26,188cm,80kg,27
1029,김민겸,Hero,1986-10-19,184cm,86kg,33
1030,김민,Hero,1989-07-24,179cm,83kg,30
1031,이진욱,Hero,1989-07-23,184cm,83kg,30
1032,박승우,Hero,1993-03-02,175cm,70kg,27
1033,심광호,LG,1977-08-01,187cm,91kg,42
1034,이대진,LG,1977-06-09,180cm,83kg,43
1035,김원형,SK,1972-07-05,177cm,75kg,47
1036,전준호,SK,1975-04-10,185cm,100kg,45
1037,정성철,KIA,1990-04-21,183cm,83kg,30
1038,김정남,SK,1986-11-22,186cm,88kg,33
1039,박정환,SK,1977-10-23,180cm,85kg,42
1040,박종섭,두산,1983-04-18,180cm,78kg,37
1041,장태성,KIA,1986-12-15,182cm,78kg,33
1042,김용섭,SK,1983-01-18,183cm,92kg,37
1043,글로버,SK,1976-12-03,196cm,93kg,43
1044,채종범,KIA,1977-12-03,180cm,85kg,42
1045,매그레인,SK,1978-07-23,189cm,94kg,41
1046,트레비스,KIA,1982-11-04,191cm,88kg,37
1047,임성헌,SK,1985-06-22,178cm,81kg,34
1048,김상록,SK,1986-09-20,178cm,75kg,33
1049,강석훈,SK,1988-03-10,186cm,85kg,32
1050,양동일,KIA,1985-04-08,181cm,80kg,35
1051,김웅비,KIA,1985-06-22,182cm,85kg,34
1052,박현,KIA,1985-08-04,178cm,87kg,34
1053,박종모,KIA,1988-02-13,178cm,86kg,32
1054,허정우,KIA,1989-08-29,182cm,82kg,30
1055,임태환,KIA,1992-06-09,184cm,80kg,28
1056,김민섭,KIA,1990-09-09,175cm,78kg,29
1057,홍세완,KIA,1978-01-16,183cm,85kg,42
1058,서동수,KIA,1986-04-28,178cm,75kg,34
1059,박정환,SK,1986-03-14,180cm,83kg,34
1060,전준수,KIA,1988-02-14,170cm,70kg,32
1061,구자운,삼성,1980-06-19,184cm,95kg,40
1062,오상민,LG,1974-10-20,184cm,86kg,45
1063,권오원,삼성,1979-08-16,184cm,84kg,40
1064,경헌호,LG,1977-07-25,181cm,98kg,42
1065,곽동훈,삼성,1981-07-13,178cm,83kg,38
1066,서승화,LG,1979-07-13,195cm,83kg,40
1067,추승민,삼성,1987-08-18,182cm,79kg,32
1068,박현준*,SK,1986-09-22,185cm,90kg,33
1069,카도쿠라,SK,1973-03-09,191cm,95kg,47
1070,가코,,1981-01-02,188cm,102kg,39
1071,김성훈,삼성,1987-05-08,183cm,90kg,33
1072,김형준,삼성,1984-05-11,184cm,95kg,36
1073,손인호,LG,1975-04-03,180cm,90kg,45
1074,김지훈,삼성,1991-05-08,185cm,95kg,29
1075,김종화,삼성,1991-08-14,187cm,84kg,28
1076,신희섭,삼성,1990-09-15,178cm,80kg,29
1077,곽동현,삼성,1984-03-17,183cm,95kg,36
1078,김동은,KT,1990-11-13,174cm,75kg,29
1079,김준호,LG,1984-03-03,185cm,88kg,36
1080,정명현,삼성,1987-03-09,184cm,100kg,33
1081,이강혁,NC,1991-10-23,184cm,89kg,28
1082,김남석,,1989-01-14,186cm,90kg,31
1083,이현우,LG,1990-05-15,183cm,82kg,30
1084,지승환,LG,1986-03-11,181cm,80kg,34
1085,조규수,두산,1981-09-15,183cm,82kg,38
1086,황두성,Hero,1976-11-16,0cm,0kg,43
1087,노병오,Hero,1983-09-07,180cm,86kg,36
1088,김수화,롯데,1986-01-12,188cm,91kg,34
1089,장태종,Hero,1983-03-08,183cm,88kg,37
1090,박민주,Hero,1987-07-23,186cm,83kg,32
1091,김성현*,Hero,1989-01-03,184cm,75kg,31
1092,정희찬,Hero,1987-02-07,194cm,101kg,33
1093,박도현,Hero,1983-04-12,183cm,90kg,37
1094,라미레즈,두산,1982-09-16,182cm,90kg,37
1095,이숭용,Hero,1971-03-10,185cm,86kg,49
1096,권도영,Hero,1981-02-11,177cm,80kg,39
1097,황필선,두산,1992-04-16,180cm,70kg,28
1098,김상훈,Hero,1990-03-16,184cm,76kg,30
1099,장종덕,Hero,1987-10-29,180cm,88kg,32
1100,안동현,두산,1986-12-24,182cm,74kg,33
1101,신효철,두산,1990-07-08,175cm,70kg,29
1102,이원희,두산,1985-07-15,186cm,89kg,34
1103,김영재,두산,1986-03-27,185cm,92kg,34
1104,알드리지,Hero,1979-06-13,185cm,102kg,41
1105,황인권,두산,1988-05-19,180cm,86kg,32
1106,이성욱,Hero,1986-05-21,183cm,90kg,34
1107,김만효,Hero,1987-09-17,174cm,86kg,32
1108,조영연,Hero,1988-04-14,178cm,82kg,32
1109,김기한,Hero,1990-07-11,176cm,80kg,29
1110,김호연,Hero,1992-03-09,180cm,80kg,28
1111,조용성,Hero,1993-01-11,176cm,80kg,27
1112,황성웅,롯데,1986-06-12,180cm,78kg,34
1113,김민재,Hero,1991-04-25,178cm,84kg,29
1114,이현준,롯데,1991-05-12,180cm,77kg,29
1115,김재현,한화,1979-09-07,177cm,78kg,40
1116,이대호,롯데,1982-06-21,194cm,130kg,38
1117,이동현,KIA,1979-11-15,188cm,92kg,40
1118,신해수,한화,1987-11-30,187cm,78kg,32
1119,코리,롯데,1973-10-21,183cm,82kg,46
1120,최진호,한화,1984-08-26,183cm,80kg,35
1121,이정동,롯데,1985-07-17,180cm,90kg,34
1122,송보람,롯데,1986-12-09,174cm,87kg,33
1123,김우경,롯데,1992-09-19,176cm,84kg,27
1124,임영학,롯데,1988-09-18,178cm,88kg,31
1125,박승완,롯데,1988-01-01,179cm,82kg,32
1126,방힘찬,롯데,1988-08-18,178cm,78kg,31
1127,데폴라,한화,1982-12-31,187cm,95kg,37
1128,페레즈,한화,1983-05-26,188cm,98kg,37
1129,김지호,한화,1991-07-17,187cm,78kg,28
1130,강성민,한화,1986-12-24,182cm,78kg,33
1131,정대욱,한화,1988-11-30,181cm,85kg,31
1132,정연태,한화,1988-03-14,182cm,80kg,32
1133,나용훈,한화,1988-09-06,183cm,83kg,31
1134,김진웅,삼성,1980-02-20,184cm,84kg,40
1135,임동규,삼성,1979-06-03,185cm,97kg,41
1136,채형직,삼성,1986-02-26,184cm,85kg,34
1137,정홍준,삼성,1983-05-25,184cm,94kg,37
1138,임익현,삼성,1990-08-16,185cm,88kg,29
1139,김종국,KIA,1973-09-14,180cm,80kg,46
1140,김민철,KIA,1982-03-14,178cm,76kg,38
1141,최천수,삼성,1990-05-13,178cm,88kg,30
1142,김형철,KIA,1980-05-26,176cm,79kg,40
1143,최용규,KIA,1985-08-31,182cm,78kg,34
1144,양준혁,삼성,1969-05-26,188cm,95kg,51
1145,크루세타,삼성,1981-07-04,188cm,97kg,38
1146,유휘봉,KIA,1991-02-26,178cm,80kg,29
1147,정민우,삼성,1991-09-24,177cm,88kg,28
1148,로드리게스,KIA,1978-05-21,188cm,85kg,42
1149,안성필,삼성,1987-07-29,180cm,78kg,32
1150,전준호,삼성,1986-07-23,182cm,77kg,33
1151,김지호,삼성,1986-08-10,178cm,75kg,33
1152,이만기,삼성,1987-12-02,178cm,80kg,32
1153,한승엽,KIA,1985-02-05,188cm,94kg,35
1154,변선웅,KIA,1985-11-29,181cm,90kg,34
1155,신철인,Hero,1977-05-22,175cm,75kg,43
1156,유승룡,KIA,1986-01-29,174cm,70kg,34
1157,송승민,KIA,1983-05-08,180cm,83kg,37
1158,최병윤,KIA,1986-12-21,175cm,78kg,33
1159,주도성,KIA,1992-01-18,185cm,110kg,28
1160,이정호,Hero,1982-04-27,187cm,97kg,38
1161,조용준,Hero,1979-03-17,176cm,72kg,41
1162,가득염,,1969-10-01,184cm,82kg,50
1163,손승현,Hero,1982-07-08,185cm,92kg,37
1164,정병희,SK,1983-05-25,178cm,82kg,37
1165,오민철,SK,1985-09-12,185cm,97kg,34
1166,클락,Hero,1976-03-05,190cm,90kg,44
1167,번사이드,Hero,1977-03-15,190cm,95kg,43
1168,안경현,SK,1970-02-13,182cm,82kg,50
1169,임성학,Hero,1987-05-08,179cm,78kg,33
1170,김용우,SK,1979-09-12,180cm,83kg,40
1171,최경환,Hero,1989-12-19,175cm,80kg,30
1172,김한상,Hero,1984-05-23,182cm,85kg,36
1173,추경식,SK,1983-11-19,177cm,80kg,36
1174,하지호,SK,1984-12-16,177cm,76kg,35
1175,최원호,LG,1973-03-13,183cm,86kg,47
1176,김재현,SK,1975-10-02,177cm,85kg,44
1177,김민기,LG,1977-05-19,189cm,90kg,43
1178,정성훈,LG,1977-12-09,186cm,95kg,42
1179,안준형,SK,1985-03-22,180cm,85kg,35
1180,이형종,LG,1989-06-07,183cm,80kg,31
1181,지훈,SK,1986-02-22,181cm,75kg,34
1182,이장환,SK,1984-09-02,185cm,82kg,35
1183,황건주,SK,1989-03-14,182cm,89kg,31
1184,김정민,LG,1970-03-15,184cm,83kg,50
1185,박종호,LG,1973-07-27,176cm,83kg,46
1186,방정우,SK,1986-12-02,177cm,80kg,33
1187,지승민,두산,1978-09-12,185cm,88kg,41
1188,오태근,LG,1978-04-05,181cm,74kg,42
1189,오카모토,LG,1974-10-21,183cm,95kg,45
1190,김명제,두산,1987-01-05,187cm,95kg,33
1191,곤잘레스,LG,1983-02-23,187cm,98kg,37
1192,송현우,LG,1981-09-16,180cm,82kg,38
1193,강창주,LG,1985-07-27,188cm,95kg,34
1194,김태식,LG,1988-03-01,184cm,90kg,32
1195,김수형,LG,1985-03-27,182cm,84kg,35
1196,차기훈,LG,1985-03-09,180cm,83kg,35
1197,이경환,LG,1983-05-21,177cm,93kg,37
1198,배상현,두산,1990-10-17,180cm,74kg,29
1199,임도희,LG,1985-04-01,173cm,83kg,35
1200,최우정,LG,1991-02-10,175cm,75kg,29
1201,왈론드,두산,1976-11-07,183cm,89kg,43
1202,남궁훈,두산,1984-01-09,187cm,100kg,36
1203,노경우,두산,1987-09-05,184cm,90kg,32
1204,윤명운,두산,1991-02-13,181cm,85kg,29
1205,구대성,한화,1969-08-02,183cm,85kg,50
1206,오정환,두산,1987-12-09,180cm,90kg,32
1207,윤경영,한화,1980-08-12,187cm,88kg,39
1208,이창석,두산,1984-12-15,183cm,90kg,35
1209,조성우,한화,1989-01-30,189cm,88kg,31
1210,김현수,두산,1984-01-19,186cm,90kg,36
1211,전준홍,두산,1991-08-18,186cm,80kg,28
1212,장민재,한화,1990-03-19,184cm,98kg,30
1213,이도형,한화,1975-05-24,182cm,95kg,45
1214,김휘곤,롯데,1984-07-28,187cm,85kg,35
1215,이영우,한화,1973-11-27,181cm,86kg,46
1216,민경수,롯데,1986-03-20,178cm,81kg,34
1217,전근표,한화,1977-03-05,185cm,88kg,43
1218,서성민,롯데,1990-08-01,186cm,90kg,29
1219,정희상,한화,1982-08-13,183cm,85kg,37
1220,김동영,한화,1985-04-02,180cm,78kg,35
1221,최기문,롯데,1973-06-10,182cm,83kg,47
1222,서정,한화,1984-04-16,178cm,75kg,36
1223,카페얀,한화,1981-01-13,195cm,105kg,39
1224,김동호,삼성,1985-09-10,185cm,91kg,34
1225,가르시아,,1975-10-29,180cm,85kg,44
1226,최헌주,롯데,1989-03-07,179cm,83kg,31
1227,현천웅,롯데,1987-05-18,174cm,76kg,33
1228,유동근,롯데,1987-07-12,178cm,90kg,32
1229,이도윤,롯데,1986-01-17,180cm,85kg,34
1230,김재우,한화,1991-10-22,181cm,72kg,28
1231,오두철,KIA,1985-04-25,178cm,78kg,35
1232,고영표,KT,1991-09-16,187cm,88kg,28
1233,김민수,KT,1992-07-24,188cm,80kg,27
1234,박세웅,롯데,1995-11-30,183cm,75kg,24
1235,시스코,KT,1983-01-13,208cm,102kg,37
1236,심재민,KT,1994-02-18,182cm,92kg,26
1237,안현준,KT,1995-03-23,187cm,85kg,25
1238,양형진,롯데,1991-07-12,188cm,98kg,28
1239,어윈,KT,1987-02-25,191cm,95kg,33
1240,엄상백,KT,1996-10-04,187cm,72kg,23
1241,오현민,KT,1987-05-21,180cm,83kg,33
1242,윤수호,두산,1992-07-09,183cm,90kg,27
1243,이창재,KT,1992-12-29,178cm,71kg,27
1244,정성곤,KT,1996-07-10,176cm,74kg,23
1245,조무근,롯데,1991-09-26,198cm,116kg,28
1246,조현우,KT,1994-03-30,182cm,79kg,26
1247,주권,KT,1995-05-31,181cm,82kg,25
1248,홍성무,NC,1993-01-25,183cm,98kg,27
1249,김종민,한화,1986-03-30,176cm,85kg,34
1250,안승한,KT,1992-01-25,177cm,89kg,28
1251,안중열,롯데,1995-09-01,177cm,78kg,24
1252,김병희,KT,1990-12-06,180cm,82kg,29
1253,김태훈,KT,1996-03-31,177cm,78kg,24
1254,마르테,KT,1983-10-21,185cm,93kg,36
1255,문상철,KT,1991-04-06,184cm,85kg,29
1256,심우준,KT,1995-04-28,183cm,75kg,25
1257,이지찬,KT,1991-08-19,174cm,70kg,28
1258,정주후,KT,1995-06-26,180cm,67kg,24
1259,김민혁,KT,1995-11-21,181cm,71kg,24
1260,김성윤,KT,1991-06-15,178cm,78kg,29
1261,김진곤,KT,1987-09-10,173cm,75kg,32
1262,송민섭,KT,1991-08-02,177cm,80kg,28
1263,한상일,KT,1989-10-25,181cm,78kg,30
1264,피가로,삼성,1984-07-07,191cm,95kg,35
1265,클로이드,삼성,1987-05-16,191cm,95kg,33
1266,피어밴드,KT,1985-08-22,190cm,102kg,34
1267,루카스,LG,1985-06-03,189cm,91kg,35
1268,한나한,LG,1980-03-04,189cm,91kg,40
1269,켈리,SK,1988-10-14,188cm,86kg,31
1270,브라운,SK,1984-09-10,182cm,90kg,35
1271,루츠,두산,1986-06-03,184cm,99kg,34
1272,레일리,롯데,1988-06-29,190cm,84kg,31
1273,린드블럼,두산,1987-06-15,195cm,105kg,33
1274,아두치*,롯데,1985-05-15,188cm,95kg,35
1275,험버,KIA,1982-12-21,190cm,95kg,37
1276,스틴슨,KIA,1988-03-14,193cm,95kg,32
1277,모건,한화,1980-07-02,180cm,80kg,39
1278,최병연,KIA,1986-12-21,178cm,80kg,33
1279,지성준,롯데,1994-04-10,180cm,92kg,26
1280,정유철,한화,1988-11-16,173cm,70kg,31
1281,주현상,한화,1992-08-10,177cm,82kg,27
1282,김택형,SK,1996-10-10,183cm,83kg,23
1283,강장산,KT,1990-02-16,194cm,104kg,30
1284,윤병호,NC,1989-07-05,181cm,78kg,30
1285,김명찬,KIA,1992-10-24,187cm,84kg,27
1286,황대인,KIA,1996-02-10,178cm,90kg,24
1287,박지규,LG,1991-10-12,183cm,80kg,28
1288,채기영,한화,1995-09-01,180cm,68kg,24
1289,김재성,LG,1996-10-30,185cm,85kg,23
1290,강로한,롯데,1992-05-13,182cm,76kg,28
1291,김대륙,롯데,1992-04-03,185cm,78kg,28
1292,이준영,KIA,1992-08-10,177cm,83kg,27
1293,김민우,한화,1995-07-25,189cm,105kg,24
1294,이현석,SK,1992-06-07,175cm,90kg,28
1295,박철우,SK,1991-01-29,175cm,70kg,29
1296,강동관,롯데,1996-11-01,183cm,83kg,23
1297,문경찬,KIA,1992-07-08,186cm,80kg,27
1298,박성민,두산,1992-11-14,171cm,76kg,27
1299,남경호,두산,1996-04-07,185cm,85kg,24
1300,김호령,KIA,1992-04-30,178cm,80kg,28
1301,이은총,KIA,1991-04-16,173cm,72kg,29
1303,안익훈,LG,1996-02-12,176cm,70kg,24
1304,김재유,롯데,1992-08-08,181cm,94kg,27
1305,송성문,Hero,1996-08-29,183cm,88kg,23
1306,오윤석,롯데,1992-02-24,180cm,79kg,28
1307,폭스,한화,1982-07-20,184cm,100kg,37
1308,김재윤,KT,1990-09-16,185cm,91kg,29
1310,양원혁,LG,1991-07-21,175cm,72kg,28
1311,신성현,두산,1990-10-19,183cm,85kg,29
1312,박정수,KIA,1996-01-29,178cm,69kg,24
1313,댄블랙,KT,1987-07-02,193cm,116kg,32
1314,로메로,두산,1986-09-24,188cm,102kg,33
1316,히메네스,LG,1988-01-18,185cm,92kg,32
1317,스와잭*,두산,1985-09-10,193cm,105kg,34
1318,스튜어트,NC,1986-09-28,188cm,91kg,33
1319,최선호,삼성,1991-12-12,179cm,70kg,28
1321,윤영수,삼성,1992-03-11,176cm,76kg,28
1322,저마노,KT,1982-08-06,190cm,95kg,37
1323,에반,KIA,1983-05-12,186cm,103kg,37
1324,박한길,롯데,1994-06-03,187cm,105kg,26
1325,김범수,한화,1995-10-03,182cm,81kg,24
1326,로저스,Hero,1985-08-14,190cm,90kg,34
1327,이진석,SK,1995-05-20,182cm,78kg,25
1329,장필준,삼성,1988-04-08,190cm,90kg,32
1330,최민구,삼성,1992-03-17,178cm,75kg,28
1331,허정협,Hero,1990-02-17,184cm,92kg,30
1332,박성준,LG,1996-03-27,175cm,70kg,24
1333,김정인,Hero,1996-06-03,183cm,70kg,24
1334,김기현,SK,1987-05-09,187cm,93kg,33
1335,이종석,KIA,1992-07-21,185cm,95kg,27
1336,차재용,Hero,1996-08-20,182cm,75kg,23
1337,션헨,한화,1981-04-23,191cm,107kg,39
1338,부시,SK,1979-11-09,188cm,93kg,40
1341,김정민,SK,1992-11-18,183cm,83kg,27
1342,김웅빈,Hero,1996-02-09,181cm,84kg,24
1343,최정용,KIA,1996-10-24,179cm,86kg,23
1344,박종욱,SK,1996-03-01,181cm,80kg,24
1345,보우덴,두산,1986-09-09,191cm,101kg,33
1346,에반스,두산,1986-01-30,188cm,100kg,34
1347,웹스터,삼성,1990-02-10,188cm,86kg,30
1348,벨레스터,삼성,1986-06-06,196cm,91kg,34
1349,발디리스,삼성,1983-01-05,185cm,90kg,37
1350,코엘로,Hero,1984-11-23,195cm,115kg,35
1351,대니돈,Hero,1984-07-20,188cm,91kg,35
1352,고메즈,SK,1988-03-05,188cm,88kg,32
1353,로사리오,한화,1989-02-23,180cm,100kg,31
1354,헥터*,KIA,1987-01-26,191cm,91kg,33
1355,지크,KIA,1989-09-11,195cm,91kg,30
1356,마리몬,KT,1988-09-30,0cm,0kg,31
1357,피노,KT,1983-12-26,0cm,0kg,36
1358,마에스트리,한화,1985-07-01,183cm,80kg,34
1359,서예일,두산,1993-06-19,178cm,83kg,27
1360,조수행,두산,1993-08-30,178cm,73kg,26
1361,박준영,NC,1997-08-05,181cm,75kg,22
1362,이재율,NC,1993-05-02,185cm,75kg,27
1363,김재영,한화,1993-07-22,187cm,84kg,26
1364,이동훈,한화,1996-07-24,0cm,0kg,23
1365,구창모,NC,1997-02-17,183cm,76kg,23
1366,박주현,Hero,1996-06-19,184cm,110kg,23
1367,임석진,SK,1997-10-10,180cm,98kg,22
1368,정수민,SK,1990-04-01,188cm,92kg,30
1370,코프랜드,LG,1987-12-15,192cm,99kg,32
1371,임대한,삼성,1993-08-13,178cm,85kg,26
1372,박세진,KT,1997-06-27,178cm,93kg,22
1373,김동엽,삼성,1990-07-24,186cm,101kg,29
1374,전상현,KIA,1996-04-18,182cm,84kg,24
1375,도태훈,NC,1993-03-18,184cm,85kg,27
1376,김지수,롯데,1996-10-29,178cm,78kg,23
1377,조성모,SK,1992-02-14,179cm,71kg,28
1378,고봉재,두산,1993-05-14,185cm,86kg,27
1379,홍영현,두산,1991-01-07,189cm,87kg,29
1381,최용제,두산,1991-07-12,182cm,90kg,28
1382,레온,삼성,1988-09-06,183cm,90kg,31
1383,최원태,Hero,1997-01-07,184cm,93kg,23
1384,권정웅,삼성,1992-11-15,180cm,88kg,27
1385,김주한,SK,1993-02-03,184cm,93kg,27
1386,이진영,KIA,1997-07-21,183cm,82kg,22
1387,최원준,KIA,1997-03-23,178cm,81kg,23
1388,정동현,KIA,1997-03-20,185cm,99kg,23
1389,최성영,NC,1997-04-28,180cm,85kg,23
1390,김대현,LG,1997-03-08,188cm,100kg,23
1391,주효상,Hero,1997-11-11,182cm,85kg,22
1392,정용준,Hero,1995-06-21,181cm,80kg,24
1393,박재욱,LG,1995-12-06,180cm,78kg,24
1394,류희운,KT,1995-06-19,191cm,103kg,25
1396,카스티요,한화,1989-02-19,189cm,111kg,31
1398,맥그레거,Hero,1986-12-19,193cm,90kg,33
1399,임서준,NC,1993-04-19,181cm,81kg,27
1400,라라,SK,1988-12-20,186cm,82kg,31
1401,유재유,두산,1997-03-03,181cm,86kg,23
1402,이성규,삼성,1993-08-03,178cm,82kg,26
1403,나경민,롯데,1991-12-12,178cm,80kg,28
1404,서캠프,한화,1987-07-16,198cm,95kg,32
1405,허프,LG,1984-08-22,186cm,88kg,35
1406,채선관,KT,1988-05-03,179cm,83kg,32
1407,맥스웰,롯데,1983-11-06,192cm,102kg,36
1408,로위,KT,1984-12-26,180cm,86kg,35
1409,플란데,삼성,1986-01-27,189cm,90kg,34
1410,조한욱,KT,1996-12-19,186cm,77kg,23
1411,홍창기,LG,1993-11-21,189cm,94kg,26
1412,김성재,롯데,1993-12-23,182cm,90kg,26
1413,최충연,삼성,1997-03-05,190cm,85kg,23
1414,남태혁,SK,1991-03-13,187cm,107kg,29
1415,김윤환,Hero,1995-11-20,181cm,71kg,24
1416,정진철,두산,1991-12-28,177cm,78kg,28
1417,김만수,KT,1996-04-18,180cm,80kg,24
1418,유재훈,Hero,1997-12-18,178cm,77kg,22
1419,김주현,롯데,1993-12-21,188cm,103kg,26
1420,김승현,삼성,1992-07-09,180cm,105kg,27
1421,황선도,삼성,1997-08-28,184cm,85kg,22
1422,김명신,두산,1993-11-29,178cm,90kg,26
1423,박치국,두산,1998-03-10,177cm,78kg,22
1424,러프,삼성,1986-07-28,192cm,105kg,33
1425,레나도,삼성,1989-09-09,204cm,105kg,30
1426,페트릭,삼성,1989-07-29,192cm,90kg,30
1427,버나디나,KIA,1984-06-12,188cm,95kg,36
1428,팻딘,KIA,1989-05-25,185cm,88kg,31
1429,오설리반,Hero,1987-09-01,186cm,110kg,32
1430,다이아몬드,SK,1986-07-30,191cm,93kg,33
1431,워스,SK,1985-09-30,185cm,88kg,34
1432,스크럭스,NC,1987-09-23,183cm,98kg,32
1433,맨쉽,NC,1985-01-16,187cm,95kg,35
1434,오간도,한화,1983-10-05,196cm,91kg,36
1435,비야누에바,한화,1983-11-28,188cm,100kg,36
1436,마켈,롯데,1990-09-15,193cm,100kg,29
1437,번즈,롯데,1990-08-07,188cm,93kg,29
1438,모넬,KT,1986-03-27,185cm,95kg,34
1439,로치,KT,1989-12-14,183cm,88kg,30
1440,최지광,삼성,1998-03-13,173cm,85kg,22
1441,김한별,Hero,1997-09-03,184cm,72kg,22
1442,손주영,LG,1998-12-02,191cm,95kg,21
1443,김민혁,두산,1996-05-03,188cm,100kg,24
1444,황경태,두산,1996-08-17,181cm,77kg,23
1445,이정후,Hero,1998-08-20,185cm,78kg,21
1446,김성민,Hero,1994-04-26,181cm,90kg,26
1447,장지훈,삼성,1997-03-31,190cm,92kg,23
1448,홍현빈,KT,1997-08-29,174cm,70kg,22
1449,신범수,KIA,1998-01-25,177cm,0kg,22
1450,류승현,KIA,1997-07-01,176cm,84kg,22
1451,조용호,KT,1989-09-09,170cm,75kg,30
1452,애디튼,롯데,1987-12-16,196cm,98kg,32
1453,박진태,KIA,1994-10-19,180cm,83kg,25
1454,고우석,LG,1998-08-06,182cm,90kg,21
1455,김건국,롯데,1988-02-02,183cm,86kg,32
1456,배제성,KT,1996-09-29,189cm,85kg,23
1457,김민수,롯데,1998-03-18,182cm,96kg,22
1458,이정훈,KIA,1994-12-07,185cm,90kg,25
1459,김시현,삼성,1998-09-26,181cm,89kg,21
1460,나원탁,롯데,1994-08-20,183cm,95kg,25
1461,강상원,한화,1997-05-05,172cm,64kg,23
1462,강동호,롯데,1994-04-21,189cm,118kg,26
1463,노관현,KIA,1993-10-18,172cm,75kg,26
1464,김홍빈,Hero,1996-09-16,182cm,78kg,23
1465,안주형,삼성,1993-08-14,176cm,68kg,26
1466,채상현,Hero,1993-04-14,180cm,83kg,27
1467,로맥,SK,1985-09-30,188cm,100kg,34
1468,브리검,Hero,1988-02-10,190cm,95kg,32
1469,이영하,두산,1997-11-01,192cm,91kg,22
1470,오윤성,Hero,1998-12-10,182cm,77kg,21
1471,박상언,한화,1997-03-03,185cm,75kg,23
1472,김찬호,SK,1997-03-10,179cm,76kg,23
1473,남재현,KIA,1996-09-13,182cm,78kg,23
1474,김성윤,삼성,1999-02-02,163cm,62kg,21
1475,안성무,삼성,1990-12-14,180cm,80kg,29
1476,로하스,KT,1990-05-24,188cm,102kg,30
1477,이재근,KT,1995-01-15,177cm,71kg,25
1480,박승주,Hero,1994-02-12,179cm,90kg,26
1481,김태연,한화,1997-06-10,178cm,99kg,23
1482,박유연,두산,1998-12-20,177cm,77kg,21
1483,김혜성,Hero,1999-01-27,179cm,78kg,21
1484,김해수,Hero,1996-12-13,187cm,87kg,23
1486,나종덕,롯데,1998-03-16,186cm,97kg,22
1487,정경운,한화,1993-08-09,179cm,76kg,26
1488,김찬형,NC,1997-12-29,182cm,80kg,22
1489,이원재,NC,1989-05-20,186cm,86kg,31
1491,김진영,한화,1992-04-16,180cm,89kg,28
1492,박상원,한화,1994-09-09,189cm,88kg,25
1494,정동윤,SK,1997-10-22,193cm,103kg,22
1495,로니,LG,1984-05-07,190cm,106kg,36
1496,김성훈,KT,1993-10-27,172cm,68kg,26
1497,이영준,Hero,1991-10-10,184cm,97kg,28
1498,안치영,KT,1998-05-29,176cm,72kg,22
1499,초이스,Hero,1989-11-10,183cm,104kg,30
1500,류재인,NC,1996-05-06,184cm,75kg,24
1501,이종혁,KT,1997-05-29,190cm,86kg,23
1503,이민우,KIA,1993-02-09,185cm,94kg,27
1504,신진호,NC,1991-10-20,186cm,103kg,28
1505,최민창,LG,1996-04-16,179cm,76kg,24
1506,백승현,LG,1995-05-26,183cm,78kg,25
1507,박성한,SK,1998-03-30,180cm,77kg,22
1508,김주성,LG,1998-01-30,180cm,81kg,22
1509,김도영,KT,1993-01-26,190cm,103kg,27
1510,양창섭,삼성,1999-09-22,182cm,85kg,20
1511,최채흥,삼성,1995-01-22,186cm,97kg,25
1512,강백호,KT,1999-07-29,184cm,98kg,20
1513,한동희,롯데,1999-06-01,181cm,99kg,21
1514,유승철,KIA,1998-03-02,184cm,87kg,22
1515,곽빈,두산,1999-05-28,187cm,95kg,21
1516,후랭코프,두산,1988-08-27,195cm,95kg,31
1517,파레디스,두산,1988-11-25,191cm,95kg,31
1518,듀브론트,롯데,1987-10-23,188cm,108kg,32
1520,윤성빈,롯데,1999-02-26,197cm,90kg,21
1521,왕웨이중,NC,1992-04-25,188cm,83kg,28
1522,베렛,NC,1990-06-19,188cm,86kg,30
1523,이원준,SK,1998-07-02,190cm,98kg,21
1524,윌슨,LG,1989-09-25,188cm,84kg,30
1525,가르시아,,1985-04-12,177cm,93kg,35
1526,김선기,Hero,1991-09-01,187cm,94kg,28
1527,박주홍,한화,1999-08-20,178cm,109kg,20
1528,휠러,한화,1990-10-27,198cm,115kg,29
1529,호잉,한화,1989-05-18,190cm,92kg,31
1530,샘슨,한화,1991-01-06,188cm,102kg,29
1531,보니야,삼성,1990-06-18,186cm,102kg,30
1532,아델만,삼성,1987-11-13,196cm,102kg,32
1533,산체스,SK,1989-11-28,185cm,88kg,30
1534,장진혁,한화,1993-09-30,184cm,83kg,26
1535,정은원,한화,2000-01-17,177cm,78kg,20
1536,신병률,KT,1996-01-30,175cm,83kg,24
1537,김정후,LG,1988-09-26,178cm,85kg,31
1538,정철원,두산,1999-03-27,190cm,95kg,21
1540,오넬리,한화,1983-05-26,188cm,98kg,37
1542,김진욱,한화,2000-01-13,176cm,79kg,20
1543,박신지,두산,1999-07-16,185cm,75kg,20
1544,오영수,NC,2000-01-30,178cm,93kg,20
1545,김유신,KIA,1999-06-14,187cm,100kg,21
1546,황인준,KIA,1991-07-23,184cm,94kg,28
1547,이승진,두산,1995-01-07,185cm,83kg,25
1548,현도훈,두산,1993-01-13,188cm,89kg,27
1549,이유찬,두산,1998-08-05,175cm,68kg,21
1550,김민규,두산,1999-05-07,183cm,90kg,21
1552,봉민호,SK,1996-06-26,184cm,88kg,23
1553,정성종,롯데,1995-11-16,181cm,88kg,24
1554,김호재,삼성,1995-05-31,178cm,72kg,25
1555,이인혁,NC,1999-01-03,183cm,89kg,21
1556,안우진,Hero,1999-08-30,191cm,90kg,20
1557,최건,KT,1999-04-10,183cm,92kg,21
1558,김영준,LG,1999-01-12,185cm,89kg,21
1559,남윤성,SK,1987-08-04,191cm,95kg,32
1560,이도윤,한화,1996-10-07,173cm,71kg,23
1561,이승호,Hero,1999-02-08,187cm,93kg,21
1563,이우석,NC,1996-04-16,185cm,80kg,24
1564,하준영,KIA,1999-09-06,182cm,77kg,20
1566,예진원,Hero,1999-03-16,174cm,85kg,21
1567,백승민,삼성,1990-07-09,184cm,78kg,29
1568,문성주,LG,1997-02-20,175cm,78kg,23
1569,김석환,KIA,1999-02-28,187cm,97kg,21
1570,김재균,NC,1999-01-17,176cm,83kg,21
1571,김형준,NC,1999-11-02,187cm,98kg,20
1572,김인환,한화,1994-01-28,186cm,88kg,26
1573,반슬라이크,두산,1986-07-24,193cm,102kg,33
1574,김성훈,한화,1998-02-04,186cm,83kg,22
1575,헤일,한화,1987-09-27,188cm,97kg,32
1576,최원준,두산,1994-12-21,182cm,91kg,25
1578,김민,KT,1999-04-14,185cm,88kg,21
1579,박성모,두산,1995-02-22,186cm,86kg,25
1580,최민준,SK,1999-06-11,178cm,83kg,21
1581,조원빈,NC,1993-04-10,180cm,85kg,27
1582,전민재,두산,1999-06-30,181cm,73kg,20
1583,샌즈,Hero,1987-09-28,193cm,105kg,32
1584,안상현,SK,1997-01-27,178cm,74kg,23
1585,고명성,KT,1999-04-16,178cm,68kg,21
1586,이승헌,롯데,1998-12-19,196cm,97kg,21
1587,김기연,LG,1997-09-07,178cm,95kg,22
1588,김태오,KT,1997-07-29,183cm,84kg,22
1589,김용하,삼성,1999-07-27,185cm,85kg,20
1590,김종덕,Hero,1993-05-12,172cm,83kg,27
1591,서의태,Hero,1997-09-05,194cm,115kg,22
1592,조성훈,SK,1999-03-22,188cm,85kg,21
1593,김철호,NC,1998-02-06,182cm,87kg,22
1594,성동현,LG,1999-05-18,189cm,108kg,21
1595,해즐베이커,KIA,1987-08-14,190cm,86kg,32
1596,윌랜드,KIA,1990-01-21,188cm,92kg,30
1597,터너,KIA,1992-05-21,196cm,97kg,28
1598,서폴드,한화,1990-01-16,188cm,101kg,30
1599,채드벨,한화,1989-02-28,190cm,90kg,31
1600,맥과이어,삼성,1989-06-23,198cm,100kg,30
1601,버틀러,NC,1991-03-13,188cm,95kg,29
1602,루친스키,NC,1988-12-30,188cm,91kg,31
1603,베탄코트,NC,1991-09-02,184cm,98kg,28
1604,쿠에바스,KT,1990-10-14,188cm,98kg,29
1605,알칸타라,두산,1992-12-04,193cm,100kg,27
1606,헤일리,삼성,1991-06-16,195cm,105kg,29
1607,페르난데스,두산,1988-04-27,178cm,83kg,32
1608,다익손,롯데,1994-07-02,205cm,117kg,25
1609,조셉,LG,1991-07-16,185cm,115kg,28
1610,켈리,LG,1989-10-04,191cm,98kg,30
1611,요키시,Hero,1989-07-29,0cm,0kg,30
1612,아수아헤,롯데,1991-11-02,175cm,72kg,28
1613,톰슨,롯데,1994-01-31,193cm,100kg,26
1614,이학주,삼성,1990-11-04,187cm,87kg,29
1615,김기훈,KIA,2000-01-03,184cm,93kg,20
1616,서준원,롯데,2000-11-05,187cm,95kg,19
1617,김대한,두산,2000-12-06,185cm,83kg,19
1618,노시환,한화,2000-12-03,185cm,96kg,19
1619,변우혁,한화,2000-03-18,185cm,93kg,20
1620,하재훈,SK,1990-10-29,182cm,90kg,29
1621,박주성,Hero,2000-11-09,181cm,95kg,19
1622,홍정우,삼성,1996-03-16,182cm,85kg,24
1623,정우영,LG,1999-08-19,193cm,85kg,20
1624,이대은,KT,1989-03-23,189cm,90kg,31
1625,신민재,LG,1996-01-21,171cm,64kg,24
1626,손동현,KT,2001-01-23,183cm,88kg,19
1627,원태인,삼성,2000-04-06,183cm,92kg,20
1629,김영규,NC,2000-02-10,188cm,86kg,20
1630,박윤철,한화,1996-03-23,186cm,85kg,24
1631,김현수,KIA,2000-07-10,185cm,90kg,19
1632,전용주,KT,2000-02-12,188cm,87kg,20
1633,배민서,NC,1999-11-18,184cm,81kg,20
1634,유장혁,한화,2000-05-30,186cm,86kg,20
1635,추재현,롯데,1999-02-22,179cm,89kg,21
1636,양승철,KIA,1992-07-15,193cm,108kg,27
1637,이상동,KT,1995-11-24,181cm,88kg,24
1638,류형우,LG,1995-05-07,182cm,72kg,25
1639,장지수,KIA,2000-05-25,179cm,83kg,20
1641,배성근,롯데,1995-04-27,181cm,76kg,25
1642,오정환,KIA,1999-03-27,185cm,75kg,21
1643,송승환,두산,2000-10-28,183cm,93kg,19
1644,오선우,KIA,1996-12-13,186cm,95kg,23
1645,박진,롯데,1999-04-02,181cm,99kg,21
1646,고승민,롯데,2000-08-11,187cm,88kg,19
1647,이원석,한화,1999-03-31,177cm,70kg,21
1648,공민규,삼성,1999-09-27,183cm,85kg,20
1649,오석주,LG,1998-04-14,181cm,74kg,22
1650,최하늘,롯데,1999-03-26,190cm,99kg,21
1651,김이환,한화,2000-09-13,183cm,87kg,19
1652,강이준,KIA,1998-04-07,190cm,86kg,22
1653,김도환,삼성,2000-04-14,178cm,90kg,20
1654,송명기,NC,2000-08-09,191cm,93kg,19
1655,강정현,LG,1995-09-23,180cm,90kg,24
1656,신용수,롯데,1996-01-05,178cm,78kg,24
1657,터커,KIA,1990-07-06,183cm,98kg,29
1658,김은성,Hero,1993-03-07,179cm,83kg,27
1659,전사민,NC,1999-07-06,194cm,85kg,20
1660,이정현,KT,1997-12-05,188cm,93kg,22
1661,백승건,SK,2000-10-29,183cm,85kg,19
1662,조영건,Hero,1999-02-04,180cm,85kg,21
1663,최준우,SK,1999-03-25,176cm,78kg,21
1664,김정우,SK,1999-05-15,183cm,87kg,21
1665,김창평,SK,2000-06-14,183cm,78kg,20
1666,최경모,SK,1996-06-17,0cm,0kg,24
1667,전준호,LG,1998-07-01,181cm,80kg,21
1668,이케빈,SK,1992-02-13,184cm,90kg,28
1669,구본혁,LG,1997-01-11,177cm,75kg,23
1670,임재현,SK,1991-05-29,175cm,80kg,29
1671,김주형,Hero,1996-03-05,176cm,80kg,24
1674,최승민,NC,1996-07-01,181cm,73kg,23
1675,채현우,SK,1995-11-21,182cm,80kg,24
1676,윤정현,Hero,1993-05-17,187cm,110kg,27
1677,김승범,KIA,1998-12-07,183cm,88kg,21
1678,윌슨,롯데,1990-07-29,180cm,93kg,29
1679,양기현,Hero,1998-12-16,182cm,115kg,21
1680,한선태,LG,1994-06-14,183cm,79kg,26
1681,김윤수,삼성,1999-12-08,183cm,94kg,20
1682,스몰린스키,NC,1989-02-09,180cm,95kg,31
1683,프리드릭,NC,1987-07-08,194cm,100kg,32
1684,페게로,LG,1987-02-22,195cm,117kg,33
1685,김성민,SK,1993-05-12,188cm,115kg,27
1686,윌리엄슨,삼성,1990-07-15,193cm,107kg,29
1687,이상영,LG,2000-12-03,193cm,88kg,19
1688,라이블리,삼성,1992-03-05,193cm,86kg,28
1689,이상규,LG,1996-10-20,185cm,77kg,23
1690,박승규,삼성,2000-09-02,178cm,78kg,19
1691,김태근,두산,1996-08-10,175cm,74kg,23
1692,한준수,KIA,1999-02-13,184cm,95kg,21
1693,이찬건,롯데,1996-05-14,177cm,73kg,24
1694,하준호,KT,1989-04-29,174cm,78kg,31
1695,박민석,KT,2000-04-13,180cm,77kg,20
1696,이선우,KT,2000-09-19,186cm,90kg,19
1697,정보근,롯데,1999-08-31,175cm,88kg,20
1698,임규빈,Hero,1991-09-12,184cm,101kg,28
1699,소이현,NC,1999-02-09,185cm,93kg,21
1701,양우현,삼성,2019-09-03,0cm,0kg,0
1702,플렉센,두산,1994-07-01,191cm,113kg,25
1703,살라디노,삼성,1989-07-20,183cm,90kg,30
1704,뷰캐넌,삼성,1989-05-11,190cm,90kg,31
1705,브룩스,KIA,1990-04-27,193cm,104kg,30
1706,가뇽,KIA,1990-06-26,193cm,97kg,29
1707,모터,Hero,1989-09-18,185cm,88kg,30
1708,박주홍,Hero,2001-04-16,188cm,92kg,19
1709,라모스,LG,1994-12-28,193cm,115kg,25
1710,김윤식,LG,2000-04-03,181cm,83kg,20
1711,이민호,LG,2001-08-30,189cm,93kg,18
1712,킹엄,SK,1991-11-08,196cm,106kg,28
1713,핀토,SK,1994-01-20,183cm,88kg,26
1714,알테어,NC,1991-01-14,196cm,97kg,29
1715,라이트,NC,1990-01-03,198cm,97kg,30
1716,마차도,롯데,1992-02-22,185cm,91kg,28
1717,샘슨,롯데,1991-10-07,189cm,95kg,28
1718,스트레일리,롯데,1988-12-11,189cm,100kg,31
1719,데스파이네,KT,1987-04-04,182cm,92kg,33
1720,김지찬,삼성,2001-03-08,163cm,64kg,19
1721,채지선,두산,1995-07-11,180cm,70kg,24
1722,안권수,두산,1993-04-19,175cm,80kg,27
1723,최지훈,SK,1997-07-23,178cm,82kg,22
1724,강현우,KT,2001-04-13,180cm,90kg,19
1725,김현준,KIA,1997-06-05,182cm,78kg,23
1726,최정원,NC,2000-06-24,176cm,70kg,19
1727,김재웅,Hero,1998-10-22,173cm,88kg,21
1728,김주온,SK,1996-12-08,184cm,82kg,23
1729,손호영,LG,1994-08-23,182cm,88kg,25
1731,소형준,KT,2001-09-16,189cm,92kg,18
1733,변상권,Hero,1997-04-04,180cm,80kg,23
1734,김현민,한화,2000-02-23,183cm,82kg,20
1735,김규성,KIA,1997-03-08,183cm,73kg,23
1736,황동재,삼성,2001-11-03,191cm,97kg,18
1737,조한민,한화,2000-10-20,182cm,77kg,19
1739,정현욱,두산,1999-10-27,179cm,78kg,20
1740,이강준,KT,2001-12-14,184cm,80kg,18
1741,허윤동,삼성,2001-06-19,181cm,90kg,18
1742,한석현,LG,1994-05-17,181cm,73kg,26
1743,권기영,두산,1999-02-04,180cm,90kg,21
1744,문대원,두산,1998-08-22,187cm,91kg,21
1745,서호철,NC,1996-10-16,179cm,85kg,23
1746,천성호,KT,1997-10-30,183cm,85kg,22
1747,권민석,두산,1999-02-20,184cm,74kg,21
1748,양찬열,두산,1997-05-25,179cm,84kg,23
1750,조제영,두산,2001-02-12,182cm,89kg,19
1751,최인호,한화,2000-01-30,178cm,82kg,20
1752,강재민,한화,1997-04-03,180cm,86kg,23
1753,박정현,한화,2001-07-27,183cm,85kg,18
1754,조병욱,KT,1998-06-08,185cm,95kg,22
1755,양선률,SK,1997-04-15,186cm,87kg,23
