,PA,AB,H,1B,2B,3B,HR,R,RBI,BB,HP,SO,SB,CS,SH,GDP,E,컴프야P,ground
2016년 04월 01일,47,42,9,6,2,0,1,5,4,4,0,11,2,1,1,0,0,102,잠실
2016년 04월 01일,36,30,6,5,1,0,0,1,1,5,0,6,0,2,1,0,1,-21,고척
2016년 04월 01일,36,36,10,4,5,0,1,4,4,0,0,7,0,0,0,1,1,112,인천
2016년 04월 01일,35,32,8,8,0,0,0,1,1,2,1,6,1,1,0,2,1,-9,대구
2016년 04월 01일,36,30,9,5,2,0,2,5,5,5,0,9,0,0,1,1,1,181,마산
2016년 04월 02일,49,40,12,8,2,1,1,8,8,8,1,9,1,2,0,0,1,244,잠실
2016년 04월 02일,35,30,9,9,0,0,0,5,5,4,1,6,1,1,0,1,0,111,고척
2016년 04월 02일,44,37,10,7,2,0,1,4,4,6,1,6,2,0,0,1,1,184,인천
2016년 04월 02일,41,36,16,10,3,1,2,10,10,2,1,7,1,1,2,1,0,389,대구
2016년 04월 02일,36,33,7,5,1,0,1,3,3,2,1,5,1,0,0,1,0,74,마산
2016년 04월 03일,,,,,,,,,,,,,,,,,,,잠실
2016년 04월 03일,42,34,11,9,2,0,0,6,6,7,0,7,3,0,1,0,1,192,고척
2016년 04월 03일,38,32,8,6,2,0,0,4,4,3,2,4,1,1,1,0,0,98,인천
2016년 04월 03일,,,,,,,,,,,,,,,,,,,대구
2016년 04월 03일,,,,,,,,,,,,,,,,,,,마산
2016년 04월 05일,39,28,6,4,1,1,0,6,5,7,4,5,2,1,0,0,0,159,잠실
2016년 04월 05일,42,32,11,6,4,0,1,8,8,8,0,6,2,0,2,1,3,272,수원
2016년 04월 05일,41,35,13,9,4,0,0,9,8,4,1,1,1,0,1,1,1,282,대전
2016년 04월 05일,31,28,6,4,1,0,1,4,4,3,0,10,0,0,0,2,0,59,광주
2016년 04월 05일,34,30,5,5,0,0,0,2,2,3,1,7,0,0,0,0,0,-18,사직
2016년 04월 06일,32,30,5,4,0,0,1,2,2,1,1,8,0,0,0,0,0,17,잠실
2016년 04월 06일,38,36,7,2,2,0,3,6,6,2,0,6,0,0,0,0,2,139,수원
2016년 04월 06일,36,35,11,6,3,0,2,4,4,0,0,5,1,0,1,1,0,176,대전
2016년 04월 06일,,,,,,,,,,,,,,,,,,,광주
2016년 04월 06일,31,27,14,8,3,0,3,11,11,2,1,2,1,1,1,0,1,441,사직
2016년 04월 07일,40,36,10,9,1,0,0,2,2,2,2,9,0,0,0,1,0,30,잠실
2016년 04월 07일,34,30,4,3,1,0,0,1,1,4,0,9,0,1,0,0,1,-82,수원
2016년 04월 07일,40,39,12,8,2,0,2,3,3,0,1,10,0,0,0,0,1,113,대전
2016년 04월 07일,37,34,9,4,5,0,0,4,4,2,1,6,1,1,0,1,0,93,광주
2016년 04월 07일,33,31,5,3,1,0,1,3,3,1,0,8,0,0,1,0,0,24,사직
2016년 04월 08일,40,29,8,5,2,0,1,6,6,8,1,7,2,2,2,0,0,231,잠실
2016년 04월 08일,41,36,8,8,0,0,0,3,1,4,0,4,0,0,1,0,1,-4,인천
2016년 04월 08일,33,31,8,6,2,0,0,4,3,1,0,3,1,0,1,3,1,66,수원
2016년 04월 08일,36,34,10,7,2,0,1,3,3,2,0,9,1,0,0,2,2,56,사직
2016년 04월 08일,38,30,9,6,2,0,1,5,4,7,0,6,3,1,1,2,0,198,마산
2016년 04월 09일,49,46,13,10,1,0,2,9,8,3,0,11,0,1,0,2,0,180,잠실
2016년 04월 09일,32,27,5,2,0,0,3,4,4,5,0,7,0,1,0,1,1,142,인천
2016년 04월 09일,38,35,11,9,2,0,0,3,3,2,0,7,2,0,1,1,3,47,수원
2016년 04월 09일,41,37,15,13,1,0,1,7,7,4,0,6,1,0,0,2,1,254,사직
2016년 04월 09일,41,36,13,9,2,0,2,10,10,3,1,4,0,0,1,0,0,341,마산
2016년 04월 10일,39,35,10,8,2,0,0,4,4,3,0,4,0,0,1,0,0,84,잠실
2016년 04월 10일,37,33,9,6,1,0,2,7,7,2,2,5,0,0,0,1,1,220,인천
2016년 04월 10일,44,37,11,6,3,0,2,9,9,5,2,10,1,0,0,1,0,279,수원
2016년 04월 10일,37,33,11,7,3,0,1,5,4,4,0,6,2,2,0,1,0,185,사직
2016년 04월 10일,34,29,2,2,0,0,0,1,1,3,1,9,2,0,1,0,0,-66,마산
2016년 04월 12일,55,41,17,13,3,1,0,12,12,11,0,10,1,1,3,1,1,390,잠실
2016년 04월 12일,35,33,11,7,3,0,1,5,4,2,0,5,0,0,0,0,0,148,고척
2016년 04월 12일,40,33,7,5,0,0,2,6,6,4,2,11,3,1,1,0,0,150,인천
2016년 04월 12일,37,34,9,7,2,0,0,2,1,2,1,7,0,0,0,3,0,7,대전
2016년 04월 12일,47,42,18,11,4,1,2,16,13,2,2,8,0,0,1,1,1,447,대구
2016년 04월 13일,38,32,9,6,2,0,1,5,5,6,0,11,1,0,0,0,1,138,잠실
2016년 04월 13일,50,45,13,9,2,1,1,6,6,4,1,10,4,1,0,0,0,186,고척
2016년 04월 13일,34,29,7,6,0,0,1,2,2,4,0,8,2,0,1,1,0,94,인천
2016년 04월 13일,43,40,15,8,5,2,0,3,3,3,0,12,1,0,0,1,2,148,대전
2016년 04월 13일,33,30,5,2,3,0,0,2,2,2,0,6,1,0,1,1,0,6,대구
2016년 04월 14일,35,35,8,7,1,0,0,0,0,0,0,10,0,0,0,0,0,-65,잠실
2016년 04월 14일,35,30,7,4,0,1,2,4,3,2,3,9,1,0,0,2,1,108,고척
2016년 04월 14일,41,37,14,12,2,0,0,7,7,4,0,8,1,1,0,1,0,191,인천
2016년 04월 14일,32,31,5,5,0,0,0,2,1,0,1,10,0,0,0,2,2,-98,대전
2016년 04월 14일,37,33,11,11,0,0,0,7,5,2,1,4,3,0,1,2,0,158,대구
2016년 04월 15일,41,34,11,9,2,0,0,7,6,6,0,5,0,0,1,1,3,141,잠실
2016년 04월 15일,36,33,7,6,1,0,0,3,3,2,1,8,0,0,0,1,1,-6,수원
2016년 04월 15일,35,33,9,9,0,0,0,2,1,2,0,4,0,0,0,4,3,-34,대전
2016년 04월 15일,44,36,13,8,3,1,1,11,10,7,0,4,3,0,1,2,1,472,광주
2016년 04월 15일,36,32,9,6,3,0,0,3,3,4,0,10,2,0,0,1,0,101,마산
2016년 04월 16일,,,,,,,,,,,,,,,,,,,잠실
2016년 04월 16일,,,,,,,,,,,,,,,,,,,수원
2016년 04월 16일,0,0,0,0,0,0,0,0,0,0,0,0,0,0,0,0,0,0,대전
2016년 04월 16일,,,,,,,,,,,,,,,,,,,광주
2016년 04월 16일,5,4,2,2,0,0,0,1,1,0,0,1,0,0,1,0,0,28,마산
2016년 04월 17일,38,33,12,11,0,1,0,6,6,3,0,7,2,0,2,2,0,171,잠실
2016년 04월 17일,47,37,9,8,1,0,0,6,5,6,0,8,1,0,4,1,1,77,수원
2016년 04월 17일,43,34,7,7,0,0,0,4,4,8,1,11,1,0,0,2,0,46,대전
2016년 04월 17일,35,34,11,9,1,0,1,1,1,0,0,5,0,1,1,0,0,70,광주
2016년 04월 17일,41,37,13,11,1,0,1,5,5,4,0,5,0,1,0,2,1,144,마산
2016년 04월 19일,31,27,1,1,0,0,0,1,1,2,0,8,0,0,2,0,1,-104,잠실
2016년 04월 19일,36,34,7,5,1,0,1,1,1,2,0,9,1,0,0,0,1,1,인천
2016년 04월 19일,39,33,10,7,2,0,1,2,2,5,0,4,0,0,1,3,1,109,수원
2016년 04월 19일,37,34,11,6,3,0,2,7,7,2,1,5,0,0,0,1,1,252,광주
2016년 04월 19일,42,29,5,1,3,1,0,4,3,8,1,8,0,1,4,0,0,117,사직
2016년 04월 20일,34,31,6,4,0,0,2,6,6,1,2,5,0,0,0,0,0,164,잠실
2016년 04월 20일,38,36,13,7,5,0,1,9,7,2,0,2,0,0,0,1,0,268,인천
2016년 04월 20일,40,35,8,5,1,0,2,4,4,4,1,13,4,0,0,0,1,125,수원
2016년 04월 20일,38,34,7,7,0,0,0,1,1,4,0,6,2,1,0,2,1,-7,광주
2016년 04월 20일,48,38,17,13,2,1,1,10,10,7,1,6,5,0,2,2,0,423,사직
2016년 04월 21일,45,39,12,8,1,0,3,5,5,4,2,11,0,0,0,0,2,195,잠실
2016년 04월 21일,31,27,6,5,0,0,1,3,2,3,1,5,2,3,0,0,1,59,인천
2016년 04월 21일,41,35,14,9,3,0,2,8,8,5,0,3,1,0,1,1,0,346,수원
2016년 04월 21일,36,34,7,2,5,0,0,1,1,1,1,8,0,0,0,0,2,-4,광주
2016년 04월 21일,38,33,9,9,0,0,0,5,4,4,0,9,3,1,1,1,1,79,사직
2016년 04월 22일,38,34,13,9,3,0,1,8,8,2,1,4,1,0,1,0,0,278,잠실
2016년 04월 22일,42,35,14,8,2,2,2,10,9,4,1,6,0,0,2,2,0,372,고척
2016년 04월 22일,43,39,9,6,2,0,1,5,5,2,1,8,0,0,1,1,1,88,인천
2016년 04월 22일,36,34,9,7,1,0,1,3,3,1,0,2,0,0,1,1,0,91,대구
2016년 04월 22일,37,33,13,10,3,0,0,7,6,2,0,3,1,0,2,0,0,217,사직
2016년 04월 23일,34,29,7,4,2,0,1,3,3,4,1,5,2,1,0,1,0,129,잠실
2016년 04월 23일,49,40,18,13,3,0,2,14,14,7,0,11,0,0,2,0,2,429,고척
2016년 04월 23일,43,37,13,12,1,0,0,8,7,3,2,7,0,1,1,1,0,188,인천
2016년 04월 23일,42,32,7,6,0,1,0,6,5,6,3,3,0,0,1,1,0,113,대구
2016년 04월 23일,50,40,14,10,2,0,2,10,10,9,1,7,2,1,0,1,3,305,사직
2016년 04월 24일,38,28,5,4,1,0,0,5,3,9,0,6,0,1,1,2,1,33,잠실
2016년 04월 24일,39,36,11,8,3,0,0,3,3,1,0,6,2,0,2,0,1,117,고척
2016년 04월 24일,33,31,9,6,2,0,1,3,3,0,0,7,1,0,2,0,0,123,인천
2016년 04월 24일,37,33,10,5,4,0,1,6,6,1,1,3,0,0,2,0,0,237,대구
2016년 04월 24일,38,36,8,5,0,0,3,4,4,2,0,10,0,0,0,0,1,94,사직
2016년 04월 26일,34,29,7,4,2,0,1,4,3,2,3,6,1,0,0,2,1,99,잠실
2016년 04월 26일,30,28,7,6,0,0,1,2,2,1,0,4,0,0,1,2,0,63,수원
2016년 04월 26일,36,27,6,4,1,0,1,4,3,7,0,5,0,0,2,1,0,139,대전
2016년 04월 26일,29,28,2,2,0,0,0,0,0,1,0,7,0,0,0,1,0,-110,대구
2016년 04월 26일,35,32,11,7,4,0,0,4,3,3,0,3,0,0,0,1,0,130,마산
2016년 04월 27일,38,35,9,9,0,0,0,1,1,1,2,5,0,0,0,1,1,-14,잠실
2016년 04월 27일,32,29,3,3,0,0,0,0,0,3,0,6,0,1,0,1,0,-83,수원
2016년 04월 27일,,,,,,,,,,,,,,,,,,,대전
2016년 04월 27일,,,,,,,,,,,,,,,,,,,대구
2016년 04월 27일,,,,,,,,,,,,,,,,,,,마산
2016년 04월 28일,35,30,9,6,2,0,1,4,4,0,3,1,1,0,2,2,0,191,잠실
2016년 04월 28일,33,31,8,6,1,0,1,3,3,1,1,7,0,0,0,2,0,56,수원
2016년 04월 28일,46,38,9,7,2,0,0,3,3,5,0,7,2,0,3,0,3,86,대전
2016년 04월 28일,41,31,7,5,1,0,1,9,7,9,0,9,2,0,1,0,0,201,대구
2016년 04월 28일,36,34,8,8,0,0,0,2,2,1,1,11,1,1,0,0,0,-31,마산
2016년 04월 29일,42,35,10,9,0,0,1,4,4,6,0,8,0,0,1,0,0,145,잠실
2016년 04월 29일,36,34,7,5,2,0,0,3,2,2,0,7,1,0,0,1,0,11,고척
2016년 04월 29일,41,38,15,11,1,0,3,10,10,2,1,6,0,0,0,1,0,354,대전
2016년 04월 29일,37,30,7,6,1,0,0,4,4,5,0,9,0,1,2,0,0,67,광주
2016년 04월 29일,35,30,7,4,2,0,1,3,3,4,1,7,1,1,0,1,0,90,사직
2016년 04월 30일,36,28,5,4,1,0,0,2,1,5,1,7,0,1,2,0,0,1,잠실
2016년 04월 30일,34,30,5,5,0,0,0,1,1,4,0,7,1,0,0,1,1,-48,고척
2016년 04월 30일,36,31,7,6,1,0,0,3,2,2,2,7,0,1,1,0,4,-19,대전
2016년 04월 30일,40,37,11,8,2,0,1,5,4,3,0,7,0,0,0,1,1,128,광주
2016년 04월 30일,34,32,5,3,2,0,0,1,1,2,0,12,0,0,0,1,0,-71,사직
2016년 05월 01일,35,28,7,5,1,0,1,4,3,4,1,5,3,1,2,0,0,140,잠실
2016년 05월 01일,43,39,14,10,2,1,1,11,11,4,0,5,1,0,0,0,0,328,고척
2016년 05월 01일,37,28,8,3,4,0,1,9,9,6,0,8,1,0,3,1,0,273,대전
2016년 05월 01일,36,32,7,5,1,0,1,1,1,3,1,3,0,1,0,1,2,36,광주
2016년 05월 01일,36,32,5,5,0,0,0,2,2,2,1,6,0,0,1,0,1,-49,사직
2016년 05월 03일,,,,,,,,,,,,,,,,,,,잠실
2016년 05월 03일,37,33,8,7,1,0,0,2,2,2,1,9,0,0,1,0,0,3,인천
2016년 05월 03일,,,,,,,,,,,,,,,,,,,수원
2016년 05월 03일,31,29,8,8,0,0,0,0,0,2,0,3,0,2,0,3,1,-39,대구
2016년 05월 03일,36,29,7,5,1,0,1,3,3,4,0,6,0,0,3,0,0,114,광주
2016년 05월 04일,36,31,4,2,2,0,0,1,1,5,0,5,1,0,0,1,1,-24,잠실
2016년 05월 04일,42,31,10,9,0,0,1,5,5,9,0,2,1,0,2,0,0,232,인천
2016년 05월 04일,41,35,9,8,1,0,0,6,5,5,0,9,0,0,1,0,0,76,수원
2016년 05월 04일,37,34,10,8,2,0,0,3,3,2,0,5,2,0,1,2,1,80,대구
2016년 05월 04일,35,30,7,5,1,0,1,3,3,5,0,11,0,0,0,1,0,68,광주
2016년 05월 05일,41,36,10,6,3,0,1,8,6,3,0,10,0,2,2,0,1,141,잠실
2016년 05월 05일,54,48,21,13,3,0,5,19,17,5,0,5,1,0,1,0,1,647,인천
2016년 05월 05일,37,32,7,7,0,0,0,2,2,4,1,8,2,0,0,2,2,-15,수원
2016년 05월 05일,33,31,7,2,2,3,0,5,4,0,1,6,1,0,1,0,0,118,대구
2016년 05월 05일,52,38,18,14,1,1,2,17,17,11,1,5,0,0,2,2,1,542,광주
2016년 05월 06일,34,31,5,4,1,0,0,0,0,2,1,7,0,0,0,1,0,-61,잠실
2016년 05월 06일,50,44,20,15,1,1,3,15,15,6,0,7,3,0,0,0,0,555,고척
2016년 05월 06일,41,35,15,10,2,0,3,10,10,6,0,6,1,1,0,3,1,376,수원
2016년 05월 06일,34,31,8,4,2,1,1,5,4,1,0,2,1,0,2,0,0,194,대구
2016년 05월 06일,39,37,15,10,3,0,2,13,13,2,0,5,0,0,0,2,2,359,마산
2016년 05월 07일,35,30,6,5,1,0,0,0,0,4,1,7,0,2,0,1,0,-42,잠실
2016년 05월 07일,34,33,8,6,1,1,0,4,3,1,0,7,3,0,0,1,0,57,고척
2016년 05월 07일,48,42,20,18,2,0,0,17,16,6,0,9,2,0,0,0,0,414,수원
2016년 05월 07일,37,36,8,4,4,0,0,3,3,1,0,4,1,0,0,1,0,50,대구
2016년 05월 07일,35,32,8,4,1,0,3,4,4,3,0,12,0,1,0,0,0,160,마산
2016년 05월 08일,52,46,18,14,1,0,3,11,11,4,1,7,0,0,1,0,1,368,잠실
2016년 05월 08일,41,35,10,5,2,1,2,7,6,5,1,6,0,2,0,0,2,221,고척
2016년 05월 08일,39,33,13,11,1,0,1,7,7,5,0,4,0,1,1,1,0,234,수원
2016년 05월 08일,57,43,12,10,1,0,1,8,8,11,1,10,0,0,2,0,0,260,대구
2016년 05월 08일,44,30,12,10,2,0,0,11,11,10,1,3,1,1,3,2,0,334,마산
2016년 05월 10일,42,33,9,9,0,0,0,3,3,7,1,4,0,1,1,1,1,66,잠실
2016년 05월 10일,45,38,13,7,5,0,1,7,7,4,1,11,0,0,2,1,2,198,인천
2016년 05월 10일,,,,,,,,,,,,,,,,,,,대전
2016년 05월 10일,,,,,,,,,,,,,,,,,,,광주
2016년 05월 10일,,,,,,,,,,,,,,,,,,,사직
2016년 05월 11일,51,45,22,15,4,1,2,16,16,3,1,6,1,0,2,0,0,571,잠실
2016년 05월 11일,35,32,9,7,2,0,0,3,3,2,0,7,0,0,1,1,1,38,인천
2016년 05월 11일,40,36,13,9,4,0,0,6,5,3,0,7,0,0,1,1,3,150,대전
2016년 05월 11일,40,38,14,7,6,0,1,8,6,1,0,6,3,0,1,0,1,285,광주
2016년 05월 11일,35,34,9,7,2,0,0,2,1,1,0,9,0,0,0,2,0,-10,사직
2016년 05월 12일,38,33,10,7,2,1,0,5,5,2,1,7,0,0,2,1,1,111,잠실
2016년 05월 12일,37,33,10,6,1,0,3,5,5,2,1,8,0,0,1,1,0,220,인천
2016년 05월 12일,36,33,6,4,1,1,0,1,1,3,0,10,0,0,0,0,0,-31,대전
2016년 05월 12일,42,38,16,8,5,1,2,10,10,3,1,10,0,1,0,2,0,372,광주
2016년 05월 12일,38,30,9,5,1,1,2,8,8,6,1,4,1,1,1,0,1,283,사직
2016년 05월 13일,34,29,8,5,2,1,0,2,2,5,0,7,0,2,0,0,0,84,잠실
2016년 05월 13일,40,34,10,7,3,0,0,4,3,4,0,8,1,0,2,1,1,83,고척
2016년 05월 13일,44,40,13,12,0,0,1,8,8,4,0,8,0,0,0,0,1,170,대구
2016년 05월 13일,33,27,6,5,1,0,0,4,3,4,2,2,0,2,0,0,0,48,광주
2016년 05월 13일,36,35,9,7,0,0,2,4,4,1,0,11,0,0,0,1,0,76,마산
2016년 05월 14일,43,38,16,11,3,1,1,12,12,3,1,3,1,1,1,1,2,373,잠실
2016년 05월 14일,38,32,5,3,1,0,1,2,2,6,0,8,0,0,0,0,0,23,고척
2016년 05월 14일,43,36,15,12,2,0,1,10,10,5,1,5,1,1,1,1,1,311,대구
2016년 05월 14일,40,36,12,10,1,0,1,8,7,3,1,3,1,0,0,0,1,230,광주
2016년 05월 14일,41,36,10,8,2,0,0,3,3,5,0,11,3,0,0,1,0,71,마산
2016년 05월 15일,10,9,4,3,0,0,1,2,2,0,0,1,0,0,1,1,2,70,잠실
2016년 05월 15일,34,33,8,6,1,0,1,3,3,1,0,4,0,0,0,2,3,32,고척
2016년 05월 15일,37,35,9,7,1,0,1,3,3,2,0,6,1,0,0,1,0,67,대구
2016년 05월 15일,42,32,9,6,1,0,2,8,8,9,1,7,1,1,0,0,0,266,광주
2016년 05월 15일,50,43,7,5,2,0,0,2,2,6,1,10,4,1,0,0,1,-4,마산
2016년 05월 17일,34,30,9,7,1,0,1,4,4,2,0,1,1,0,2,1,1,155,잠실
2016년 05월 17일,35,33,10,7,2,0,1,5,5,2,0,8,1,0,0,1,0,140,고척
2016년 05월 17일,39,32,9,8,1,0,0,7,6,4,1,5,0,1,2,0,2,129,인천
2016년 05월 17일,39,35,13,11,1,1,0,7,7,2,0,5,1,1,2,1,0,192,수원
2016년 05월 17일,44,36,10,7,3,0,0,5,3,5,2,7,0,0,1,1,2,77,포항
2016년 05월 18일,48,41,18,12,2,2,2,15,14,7,0,5,0,0,0,0,1,493,잠실
2016년 05월 18일,41,37,16,15,0,0,1,9,9,3,1,5,0,1,0,1,1,281,고척
2016년 05월 18일,32,31,7,6,0,0,1,5,5,1,0,7,0,0,0,1,1,80,인천
2016년 05월 18일,37,31,5,4,1,0,0,2,2,5,1,8,0,0,0,1,0,-12,수원
2016년 05월 18일,45,34,13,7,4,0,2,13,13,8,2,5,0,1,1,0,1,405,포항
2016년 05월 19일,38,33,10,5,4,0,1,8,7,3,1,6,2,0,1,0,0,244,잠실
2016년 05월 19일,34,31,8,6,1,1,0,2,1,1,2,10,1,1,0,3,0,4,고척
2016년 05월 19일,37,32,8,4,1,0,3,3,3,3,0,8,0,0,2,1,2,142,인천
2016년 05월 19일,34,31,3,3,0,0,0,0,0,3,0,7,1,0,0,2,0,-96,수원
2016년 05월 19일,40,37,13,10,1,0,2,6,5,2,0,4,1,1,1,0,0,208,포항
2016년 05월 20일,33,29,9,6,2,1,0,4,4,1,1,3,0,1,2,1,0,136,잠실
2016년 05월 20일,41,34,12,8,1,1,2,11,11,6,0,6,1,0,1,1,0,352,대전
2016년 05월 20일,36,28,9,7,0,0,2,5,5,5,1,5,1,0,2,2,0,224,광주
2016년 05월 20일,41,37,11,7,1,0,3,5,5,4,0,9,2,0,0,1,2,191,사직
2016년 05월 20일,38,34,8,7,1,0,0,2,2,4,0,6,2,0,0,1,0,33,마산
2016년 05월 21일,45,36,12,10,2,0,0,5,3,7,1,4,1,1,1,0,1,136,잠실
2016년 05월 21일,58,47,15,11,2,1,1,8,8,6,3,7,0,0,2,1,0,271,대전
2016년 05월 21일,40,33,8,5,0,1,2,7,6,5,1,8,0,0,1,2,1,175,광주
2016년 05월 21일,44,40,14,11,3,0,0,4,4,4,0,4,0,0,0,0,0,149,사직
2016년 05월 21일,42,33,13,9,2,0,2,10,9,3,4,4,0,0,2,2,0,347,마산
2016년 05월 22일,32,29,7,5,2,0,0,5,4,1,1,9,1,1,1,0,0,57,잠실
2016년 05월 22일,41,40,11,5,3,0,3,7,7,1,0,5,1,0,0,1,0,244,대전
2016년 05월 22일,36,32,10,8,2,0,0,7,4,2,0,3,5,0,2,1,1,161,광주
2016년 05월 22일,44,38,15,10,2,0,3,10,10,5,1,10,4,0,0,1,0,404,사직
2016년 05월 22일,39,37,14,9,3,0,2,9,9,2,0,6,0,0,0,0,0,298,마산
2016년 05월 24일,37,31,9,6,0,2,1,8,8,6,0,4,1,0,0,2,1,233,잠실
2016년 05월 24일,30,25,4,3,1,0,0,2,1,4,0,6,2,1,1,1,1,15,고척
2016년 05월 24일,36,28,4,4,0,0,0,2,1,8,0,4,0,1,0,2,0,-19,대구
2016년 05월 24일,,,,,,,,,,,,,,,,,,,울산
2016년 05월 24일,,,,,,,,,,,,,,,,,,,마산
2016년 05월 25일,41,32,13,9,2,1,1,13,12,8,0,3,2,0,1,3,0,396,잠실
2016년 05월 25일,46,38,15,13,1,0,1,9,8,5,1,5,0,1,2,1,0,266,고척
2016년 05월 25일,36,29,7,3,3,0,1,6,5,4,1,6,1,0,2,0,0,186,대구
2016년 05월 25일,36,29,8,5,3,0,0,2,1,5,1,6,0,1,1,0,0,94,울산
2016년 05월 25일,35,28,8,6,0,0,2,5,3,2,3,4,1,1,2,2,0,183,마산
2016년 05월 26일,41,32,10,5,3,0,2,6,6,8,0,7,2,0,1,1,0,276,잠실
2016년 05월 26일,38,31,7,4,2,1,0,6,6,6,0,8,1,1,1,1,1,113,고척
2016년 05월 26일,38,33,7,5,1,1,0,2,2,4,0,7,0,0,1,0,1,16,대구
2016년 05월 26일,42,36,11,9,1,0,1,7,7,5,0,8,2,0,1,0,0,203,울산
2016년 05월 26일,46,37,10,8,2,0,0,6,6,5,2,4,1,0,2,0,0,156,마산
2016년 05월 27일,34,31,9,7,2,0,0,5,5,3,0,2,1,0,0,1,1,129,잠실
2016년 05월 27일,39,32,10,8,0,0,2,8,8,4,2,2,1,2,1,0,0,297,인천
2016년 05월 27일,39,35,11,9,1,0,1,8,8,4,0,4,1,0,0,0,0,229,수원
2016년 05월 27일,47,39,16,12,4,0,0,11,11,5,2,9,2,0,1,0,0,352,대전
2016년 05월 27일,41,37,10,4,2,2,2,7,7,3,1,9,0,1,0,0,1,212,광주
2016년 05월 28일,32,31,9,6,3,0,0,3,3,1,0,5,0,0,0,2,0,73,잠실
2016년 05월 28일,34,32,8,8,0,0,0,1,0,1,1,2,0,0,0,3,0,-16,인천
2016년 05월 28일,35,33,7,5,2,0,0,1,1,1,0,2,0,0,1,1,1,-9,수원
2016년 05월 28일,39,36,12,6,5,0,1,9,8,2,0,6,0,0,1,0,2,234,대전
2016년 05월 28일,40,38,12,11,1,0,0,5,4,1,0,8,2,0,1,1,1,78,광주
2016년 05월 29일,42,35,9,7,1,0,1,8,7,5,2,7,1,0,0,1,0,165,잠실
2016년 05월 29일,40,38,11,7,1,0,3,6,6,2,0,8,0,0,0,1,0,198,인천
2016년 05월 29일,41,33,9,7,1,0,1,2,2,6,0,3,0,1,2,1,1,92,수원
2016년 05월 29일,36,32,10,6,2,0,2,9,9,3,1,6,1,0,0,1,0,271,대전
2016년 05월 29일,44,37,11,7,2,0,2,8,8,2,4,8,2,1,1,0,0,264,광주
2016년 05월 31일,53,47,10,8,1,1,0,6,6,4,2,11,4,0,0,1,0,97,잠실
2016년 05월 31일,39,35,9,5,4,0,0,1,1,4,0,8,0,1,0,0,1,9,고척
2016년 05월 31일,40,35,14,10,3,0,1,8,8,3,1,5,0,0,1,2,0,273,대전
2016년 05월 31일,41,33,11,8,2,0,1,9,9,4,1,6,0,0,3,0,0,264,사직
2016년 05월 31일,42,34,8,4,2,1,1,5,5,7,1,10,0,0,0,1,1,122,마산
2016년 06월 01일,39,35,10,8,2,0,0,1,1,3,0,8,1,1,1,0,2,10,잠실
2016년 06월 01일,39,32,11,7,1,2,1,6,6,5,0,5,0,0,2,1,0,247,고척
2016년 06월 01일,35,35,10,7,3,0,0,2,2,0,0,8,0,1,0,0,1,11,대전
2016년 06월 01일,35,28,8,8,0,0,0,2,1,6,0,8,2,0,1,2,0,55,사직
2016년 06월 01일,37,33,6,4,2,0,0,5,4,4,0,4,0,0,0,0,0,72,마산
2016년 06월 02일,39,31,11,9,2,0,0,9,8,5,0,6,3,0,3,1,0,239,잠실
2016년 06월 02일,44,39,12,7,1,0,4,6,6,5,0,8,0,0,0,0,0,272,고척
2016년 06월 02일,37,33,10,8,1,0,1,4,4,4,0,3,1,1,0,2,0,152,대전
2016년 06월 02일,40,36,8,5,3,0,0,1,1,4,0,11,2,1,0,1,1,-15,사직
2016년 06월 02일,34,32,8,7,0,0,1,4,4,2,0,5,1,0,0,0,0,109,마산
2016년 06월 03일,35,30,9,7,1,0,1,4,3,3,0,4,2,1,2,0,0,170,잠실
2016년 06월 03일,42,38,9,8,1,0,0,3,1,2,1,5,0,1,1,1,1,27,수원
2016년 06월 03일,51,45,11,10,1,0,0,3,2,5,0,10,6,1,1,1,1,55,대구
2016년 06월 03일,35,32,5,3,1,0,1,1,1,3,0,7,1,0,0,0,0,2,광주
2016년 06월 03일,34,32,8,7,1,0,0,3,3,2,0,6,0,2,0,1,0,12,사직
2016년 06월 04일,37,31,9,6,3,0,0,7,6,3,1,5,1,0,2,0,0,167,잠실
2016년 06월 04일,39,35,9,8,1,0,0,4,4,2,2,3,0,1,0,0,0,67,수원
2016년 06월 04일,47,35,12,7,3,0,2,7,5,7,1,5,1,0,4,2,0,292,대구
2016년 06월 04일,,,,,,,,,,,,,,,,,,,광주
2016년 06월 04일,,,,,,,,,,,,,,,,,,,사직
2016년 06월 05일,39,33,9,6,2,0,1,7,5,5,0,5,1,0,1,0,0,209,잠실
2016년 06월 05일,44,37,11,5,3,1,2,10,10,5,2,7,1,0,0,0,1,324,수원
2016년 06월 05일,42,36,9,5,4,0,0,5,5,4,0,6,0,1,2,0,2,90,대구
2016년 06월 05일,35,32,10,7,2,0,1,3,3,1,0,7,0,2,2,1,2,73,광주
2016년 06월 05일,41,37,11,8,2,0,1,7,6,3,0,11,0,0,1,0,2,121,사직
2016년 06월 07일,41,34,12,9,2,0,1,5,5,5,1,5,1,0,1,2,2,166,잠실
2016년 06월 07일,37,33,9,6,0,1,2,6,6,3,0,8,0,1,1,1,1,157,인천
2016년 06월 07일,35,30,4,2,2,0,0,1,1,4,1,6,1,0,0,1,3,-50,수원
2016년 06월 07일,36,29,8,6,0,0,2,5,5,6,0,6,0,1,1,1,0,186,대전
2016년 06월 07일,35,29,7,3,1,0,3,5,5,5,0,4,0,0,1,0,0,223,마산
2016년 06월 08일,46,34,13,10,1,0,2,12,10,8,3,9,4,0,1,2,0,396,잠실
2016년 06월 08일,36,30,6,6,0,0,0,2,2,5,0,10,0,0,1,2,0,-26,인천
2016년 06월 08일,33,32,11,10,0,0,1,5,5,0,0,9,1,1,1,1,0,128,수원
2016년 06월 08일,40,36,12,10,1,0,1,5,5,4,0,10,2,0,0,0,1,165,대전
2016년 06월 08일,36,30,8,3,1,1,3,7,7,3,1,6,0,0,2,0,0,281,마산
2016년 06월 09일,39,35,13,7,3,0,3,10,10,3,1,9,2,1,0,0,1,354,잠실
2016년 06월 09일,34,29,8,4,2,1,1,6,5,3,1,7,0,0,1,1,0,141,인천
2016년 06월 09일,36,29,7,6,0,1,0,4,4,4,0,4,1,0,3,2,1,79,수원
2016년 06월 09일,34,31,5,4,0,0,1,1,1,2,0,10,0,0,1,2,2,-58,대전
2016년 06월 09일,47,40,15,11,3,0,1,16,15,7,0,8,0,0,0,1,1,377,마산
2016년 06월 10일,33,30,6,2,3,0,1,5,4,3,0,6,0,0,0,0,0,111,잠실
2016년 06월 10일,49,42,8,8,0,0,0,4,4,6,1,10,2,1,0,1,0,5,고척
2016년 06월 10일,42,35,11,9,1,0,1,2,2,7,0,10,3,2,0,0,1,105,인천
2016년 06월 10일,37,36,9,7,1,0,1,2,2,0,1,9,0,0,0,1,0,52,대전
2016년 06월 10일,32,31,8,5,1,0,2,4,4,1,0,5,0,0,0,1,0,142,광주
2016년 06월 11일,42,32,8,4,3,0,1,8,8,8,2,5,0,2,0,1,0,202,잠실
2016년 06월 11일,36,31,8,5,3,0,0,3,3,4,1,3,0,0,0,1,1,89,고척
2016년 06월 11일,38,34,11,6,2,1,2,6,6,3,0,5,1,2,1,0,1,213,인천
2016년 06월 11일,41,33,8,8,0,0,0,3,3,6,0,5,0,0,2,1,0,61,대전
2016년 06월 11일,37,31,4,0,1,1,2,4,4,4,2,5,1,0,0,0,0,127,광주
2016년 06월 12일,48,44,13,12,1,0,0,5,4,2,0,7,1,0,2,0,1,108,잠실
2016년 06월 12일,40,35,14,9,3,1,1,11,11,2,1,6,2,1,2,0,0,358,고척
2016년 06월 12일,43,34,12,11,1,0,0,8,7,7,1,4,0,0,1,3,1,173,인천
2016년 06월 12일,42,34,11,9,0,0,2,6,6,6,1,6,0,0,1,1,0,230,대전
2016년 06월 12일,39,35,12,10,1,0,1,7,7,3,0,7,0,0,1,3,0,162,광주
2016년 06월 14일,45,40,14,11,2,1,0,7,7,5,0,7,0,0,0,1,0,186,잠실
2016년 06월 14일,37,33,10,4,4,1,1,9,9,4,0,10,0,0,0,1,0,235,고척
2016년 06월 14일,36,28,6,3,2,0,1,5,3,8,0,4,1,1,0,2,1,136,수원
2016년 06월 14일,37,31,5,4,0,0,1,1,1,4,1,8,2,1,1,0,1,13,대구
2016년 06월 14일,42,37,12,8,1,1,2,6,5,3,0,6,2,0,2,0,0,242,광주
2016년 06월 15일,,,,,,,,,,,,,,,,,,,잠실
2016년 06월 15일,44,36,11,9,2,0,0,6,5,6,1,8,0,0,1,1,3,82,고척
2016년 06월 15일,,,,,,,,,,,,,,,,,,,수원
2016년 06월 15일,33,31,8,6,1,0,1,3,3,2,0,7,0,2,0,2,0,53,대구
2016년 06월 15일,39,36,11,7,0,0,4,4,4,1,2,6,0,1,0,0,0,219,광주
2016년 06월 16일,35,32,6,6,0,0,0,0,0,2,1,8,2,0,0,0,0,-45,잠실
2016년 06월 16일,40,37,14,9,3,0,2,10,10,2,0,7,1,0,1,1,1,333,고척
2016년 06월 16일,37,31,9,6,3,0,0,7,4,5,0,4,1,0,1,2,0,152,수원
2016년 06월 16일,35,33,7,4,2,0,1,3,3,1,0,4,1,0,1,0,0,80,대구
2016년 06월 16일,41,37,11,8,2,0,1,4,4,3,0,14,0,0,1,0,1,79,광주
2016년 06월 17일,39,34,7,5,1,1,0,3,3,5,0,8,0,0,0,0,0,34,잠실
2016년 06월 17일,34,31,5,3,2,0,0,1,1,2,0,6,0,0,1,1,0,-26,수원
2016년 06월 17일,37,30,11,7,1,0,3,8,8,4,0,7,1,2,3,0,0,315,청주
2016년 06월 17일,37,31,8,3,2,0,3,5,5,4,0,4,2,0,2,0,1,262,대구
2016년 06월 17일,35,34,7,7,0,0,0,1,1,1,0,8,0,0,0,0,0,-46,사직
2016년 06월 18일,39,33,12,10,1,1,0,7,6,3,0,7,4,0,3,0,3,195,잠실
2016년 06월 18일,39,36,8,6,1,0,1,3,3,2,1,6,0,0,0,0,2,33,수원
2016년 06월 18일,41,37,11,7,2,1,1,6,6,3,0,6,0,0,1,1,1,162,청주
2016년 06월 18일,40,36,9,6,2,0,1,5,3,3,1,5,0,0,0,1,0,108,대구
2016년 06월 18일,33,33,8,8,0,0,0,0,0,0,0,4,0,0,0,2,1,-54,사직
2016년 06월 19일,42,39,13,10,3,0,0,5,5,3,0,5,0,0,0,1,1,120,잠실
2016년 06월 19일,42,37,14,10,2,0,2,7,7,3,1,5,0,1,1,1,1,247,수원
2016년 06월 19일,38,35,9,4,3,1,1,6,6,3,0,2,1,0,0,0,2,160,청주
2016년 06월 19일,38,35,9,6,2,0,1,1,1,3,0,6,0,0,0,1,1,29,대구
2016년 06월 19일,41,34,11,3,7,0,1,10,9,5,2,5,1,0,0,1,1,321,사직
2016년 06월 21일,45,39,16,12,1,0,3,12,12,4,1,6,2,0,1,1,0,435,잠실
2016년 06월 21일,45,41,18,14,2,2,0,12,12,3,1,5,6,2,0,0,0,425,고척
2016년 06월 21일,41,35,8,6,0,0,2,5,5,4,2,7,2,1,0,0,1,126,인천
2016년 06월 21일,44,35,13,10,3,0,0,9,8,7,1,3,0,0,1,0,0,265,광주
2016년 06월 21일,35,30,4,3,0,0,1,2,2,4,0,8,1,0,1,0,0,8,마산
2016년 06월 22일,,,,,,,,,,,,,,,,,,,잠실
2016년 06월 22일,32,31,10,6,2,0,2,4,4,0,0,1,1,1,1,1,0,200,고척
2016년 06월 22일,39,37,13,6,4,0,3,10,10,1,1,5,1,0,0,0,1,369,인천
2016년 06월 22일,38,36,8,4,4,0,0,5,4,0,2,8,0,0,0,0,0,48,광주
2016년 06월 22일,,,,,,,,,,,,,,,,,,,마산
2016년 06월 23일,39,38,15,11,4,0,0,4,4,1,0,2,0,0,0,2,0,154,잠실
2016년 06월 23일,35,30,3,1,2,0,0,0,0,4,1,3,1,0,0,0,2,-54,고척
2016년 06월 23일,46,37,11,7,2,0,2,10,10,7,2,2,0,0,0,1,0,326,인천
2016년 06월 23일,33,31,9,4,4,1,0,6,4,1,1,6,0,2,0,0,0,113,광주
2016년 06월 23일,49,40,7,6,1,0,0,3,3,7,0,10,0,1,2,2,0,-3,마산
2016년 06월 24일,41,40,16,13,0,1,2,9,9,1,0,4,1,0,0,0,0,336,잠실
2016년 06월 24일,34,31,9,6,1,1,1,5,5,1,1,6,1,0,1,0,1,159,인천
2016년 06월 24일,36,34,7,5,1,0,1,2,2,1,1,11,0,1,0,1,0,-4,대전
2016년 06월 24일,35,28,5,4,1,0,0,4,3,5,1,7,1,1,1,2,0,18,대구
2016년 06월 24일,37,32,7,5,2,0,0,2,2,3,0,12,0,0,2,0,1,-10,마산
2016년 06월 25일,44,40,12,10,1,0,1,6,6,3,0,10,1,1,1,0,2,115,잠실
2016년 06월 25일,42,37,10,6,2,0,2,6,6,5,0,8,0,0,0,0,2,161,인천
2016년 06월 25일,44,38,15,8,3,1,3,8,8,6,0,9,1,0,0,0,0,377,대전
2016년 06월 25일,47,42,14,8,4,0,2,8,8,3,1,6,0,0,1,0,1,261,대구
2016년 06월 25일,33,31,4,4,0,0,0,0,0,2,0,12,0,0,0,1,2,-139,마산
2016년 06월 26일,31,29,6,5,1,0,0,2,2,2,0,4,0,0,0,1,0,34,잠실
2016년 06월 26일,44,39,17,13,3,0,1,6,6,3,2,8,0,2,0,1,0,252,인천
2016년 06월 26일,39,38,12,8,3,0,1,4,4,0,0,10,0,0,1,0,1,102,대전
2016년 06월 26일,39,35,10,7,0,1,2,11,10,3,1,9,0,0,0,0,1,232,대구
2016년 06월 26일,44,39,13,13,0,0,0,4,4,5,0,8,0,0,0,0,1,77,마산
2016년 06월 28일,44,35,13,9,2,1,1,12,12,7,1,5,0,0,1,1,1,359,잠실
2016년 06월 28일,41,34,9,7,2,0,0,3,2,5,1,7,0,0,1,1,1,56,고척
2016년 06월 28일,33,31,5,3,2,0,0,1,1,2,0,6,0,0,0,1,2,-52,수원
2016년 06월 28일,38,36,13,8,2,0,3,11,11,1,1,6,0,1,0,0,0,353,광주
2016년 06월 28일,45,37,13,9,2,0,2,7,7,5,2,7,2,2,1,1,0,293,사직
2016년 06월 29일,34,32,6,4,1,0,1,4,4,1,0,9,0,0,1,1,1,22,잠실
2016년 06월 29일,37,36,16,10,2,1,3,7,7,1,0,3,0,1,0,3,0,347,고척
2016년 06월 29일,41,38,12,8,3,0,1,4,4,2,0,7,0,0,1,0,0,156,수원
2016년 06월 29일,38,31,8,5,3,0,0,5,4,5,0,5,0,1,2,0,1,121,광주
2016년 06월 29일,36,34,12,10,2,0,0,5,4,2,0,7,5,3,0,0,0,154,사직
2016년 06월 30일,38,31,9,7,2,0,0,4,4,6,0,7,0,0,1,0,0,113,잠실
2016년 06월 30일,40,36,14,11,3,0,0,11,11,3,1,5,0,1,0,1,0,270,고척
2016년 06월 30일,37,31,12,9,1,0,2,10,9,4,0,6,1,0,2,1,1,297,수원
2016년 06월 30일,48,42,9,5,1,1,2,9,9,5,1,11,0,0,0,0,0,191,광주
2016년 06월 30일,40,38,12,7,2,0,3,7,7,2,0,13,0,0,0,1,1,230,사직
2016년 07월 01일,,,,,,,,,,,,,,,,,,,잠실
2016년 07월 01일,41,36,16,11,2,0,3,10,10,2,0,3,0,1,3,0,0,416,고척
2016년 07월 01일,,,,,,,,,,,,,,,,,,,대전
2016년 07월 01일,,,,,,,,,,,,,,,,,,,사직
2016년 07월 01일,,,,,,,,,,,,,,,,,,,마산
2016년 07월 02일,38,35,8,7,1,0,0,2,2,3,0,5,1,0,0,1,0,7,잠실
2016년 07월 02일,42,34,13,11,1,1,0,8,7,7,0,8,2,1,1,0,1,227,고척
2016년 07월 02일,36,29,6,5,1,0,0,1,1,5,0,5,1,0,2,1,0,29,대전
2016년 07월 02일,,,,,,,,,,,,,,,,,,,사직
2016년 07월 02일,,,,,,,,,,,,,,,,,,,마산
2016년 07월 03일,44,37,12,8,2,1,1,7,7,5,1,8,3,1,1,0,1,237,잠실
2016년 07월 03일,50,37,12,10,1,1,0,7,3,11,2,5,4,1,0,2,1,208,고척
2016년 07월 03일,,,,,,,,,,,,,,,,,,,대전
2016년 07월 03일,,,,,,,,,,,,,,,,,,,사직
2016년 07월 03일,,,,,,,,,,,,,,,,,,,마산
2016년 07월 05일,,,,,,,,,,,,,,,,,,,잠실
2016년 07월 05일,,,,,,,,,,,,,,,,,,,인천
2016년 07월 05일,,,,,,,,,,,,,,,,,,,수원
2016년 07월 05일,39,34,9,6,1,0,2,7,7,4,1,4,1,0,0,1,0,229,대구
2016년 07월 05일,,,,,,,,,,,,,,,,,,,마산
2016년 07월 06일,44,38,10,6,3,0,1,5,5,5,1,10,1,0,0,0,0,139,잠실
2016년 07월 06일,34,31,6,5,0,0,1,2,2,2,0,8,0,0,1,1,1,-2,인천
2016년 07월 06일,37,34,8,8,0,0,0,0,0,3,0,6,0,0,0,1,0,-29,수원
2016년 07월 06일,,,,,,,,,,,,,,,,,,,대구
2016년 07월 06일,40,36,12,8,1,0,3,12,11,3,1,6,0,0,0,0,2,330,마산
2016년 07월 07일,33,29,10,6,2,2,0,4,4,0,1,4,1,2,3,0,0,178,잠실
2016년 07월 07일,40,37,13,9,3,0,1,4,4,1,0,7,0,0,2,1,1,140,인천
2016년 07월 07일,32,30,3,1,1,0,1,2,2,1,0,5,1,0,1,0,2,-13,수원
2016년 07월 07일,43,35,15,6,6,0,3,12,11,3,2,5,0,0,3,0,0,479,대구
2016년 07월 07일,36,30,8,4,3,0,1,8,8,2,2,5,1,0,2,0,0,231,마산
2016년 07월 08일,37,35,9,5,2,1,1,6,6,2,0,4,1,0,0,1,0,158,잠실
2016년 07월 08일,43,39,13,8,2,0,3,9,9,3,0,4,1,0,1,1,2,293,고척
2016년 07월 08일,38,33,10,4,4,0,2,8,7,5,0,9,4,0,0,2,0,266,인천
2016년 07월 08일,35,33,9,4,2,0,3,6,6,1,1,3,0,0,0,0,0,250,대전
2016년 07월 08일,36,32,10,7,2,1,0,8,7,2,0,3,1,0,2,1,0,180,사직
2016년 07월 09일,46,36,9,7,1,0,1,7,6,9,0,5,1,0,1,1,1,167,잠실
2016년 07월 09일,36,30,9,7,2,0,0,7,5,5,0,6,0,1,1,1,1,106,고척
2016년 07월 09일,48,37,11,8,1,0,2,6,4,7,4,8,2,1,0,0,0,224,인천
2016년 07월 09일,52,43,12,12,0,0,0,4,4,8,0,7,0,2,1,2,0,75,대전
2016년 07월 09일,58,47,19,14,2,0,3,13,13,7,2,7,1,1,1,0,1,481,사직
2016년 07월 10일,36,34,9,6,2,1,0,3,3,2,0,1,0,0,0,0,1,71,잠실
2016년 07월 10일,41,35,13,10,2,0,1,9,8,5,1,5,1,0,0,0,1,257,고척
2016년 07월 10일,44,37,14,8,6,0,0,6,6,5,0,9,0,0,2,0,2,189,인천
2016년 07월 10일,43,32,12,8,2,0,2,10,9,6,2,3,0,0,3,1,0,349,대전
2016년 07월 10일,36,32,6,5,1,0,0,0,0,4,0,9,0,1,0,0,0,-58,사직
2016년 07월 12일,38,30,7,4,2,1,0,5,5,5,2,4,0,0,1,1,0,148,잠실
2016년 07월 12일,42,39,15,12,2,0,1,5,5,3,0,5,0,2,0,0,1,180,수원
2016년 07월 12일,36,27,5,4,0,0,1,8,4,6,2,5,2,0,1,1,0,156,포항
2016년 07월 12일,46,42,13,9,4,0,0,3,3,3,1,9,0,0,0,0,0,91,광주
2016년 07월 12일,39,33,9,6,1,0,2,5,4,6,0,3,0,0,0,3,0,172,마산
2016년 07월 13일,39,34,9,8,1,0,0,5,5,3,0,9,1,0,2,0,0,84,잠실
2016년 07월 13일,45,39,12,7,4,0,1,8,7,5,0,5,1,0,1,0,0,229,수원
2016년 07월 13일,46,39,14,8,3,1,2,12,12,6,1,5,0,0,0,0,3,337,포항
2016년 07월 13일,43,35,10,9,0,0,1,4,4,5,2,7,1,0,1,0,2,131,광주
2016년 07월 13일,35,29,7,3,1,0,3,6,5,5,0,3,0,0,1,1,0,235,마산
2016년 07월 14일,39,35,9,8,1,0,0,4,3,2,2,9,0,1,0,0,0,28,잠실
2016년 07월 14일,40,38,13,10,3,0,0,5,5,2,0,6,1,0,0,1,0,165,수원
2016년 07월 14일,47,40,11,10,0,0,1,2,2,5,1,9,0,0,1,2,0,73,포항
2016년 07월 14일,34,30,3,3,0,0,0,4,3,4,0,8,0,0,0,1,2,-56,광주
2016년 07월 14일,34,26,5,4,1,0,0,4,4,3,1,9,2,0,3,0,1,69,마산
2016년 07월 19일,31,26,6,5,0,0,1,3,3,3,0,4,1,1,2,1,0,99,잠실
2016년 07월 19일,43,36,10,5,3,0,2,6,6,6,1,8,1,0,0,1,1,201,고척
2016년 07월 19일,49,36,13,6,6,1,0,17,16,10,2,6,1,0,1,0,0,454,대전
2016년 07월 19일,39,37,9,8,0,0,1,1,1,2,0,10,1,0,0,0,1,0,사직
2016년 07월 19일,35,34,9,6,1,1,1,4,4,1,0,9,0,0,0,2,0,90,마산
2016년 07월 20일,36,36,8,6,1,0,1,4,4,0,0,10,0,0,0,0,0,34,잠실
2016년 07월 20일,38,32,9,4,4,0,1,7,7,4,1,1,0,0,1,1,1,231,고척
2016년 07월 20일,37,33,6,5,1,0,0,1,1,3,1,7,0,0,0,0,1,-40,대전
2016년 07월 20일,38,33,10,4,5,1,0,9,8,5,0,5,3,0,0,1,0,256,사직
2016년 07월 20일,34,31,9,6,2,0,1,4,4,1,0,4,2,0,2,1,1,152,마산
2016년 07월 21일,40,38,11,10,1,0,0,3,3,2,0,5,0,0,0,1,1,40,잠실
2016년 07월 21일,36,32,10,8,2,0,0,7,6,2,1,5,3,1,1,1,1,172,고척
2016년 07월 21일,39,35,12,10,1,0,1,8,8,4,0,5,0,0,0,1,0,217,대전
2016년 07월 21일,42,35,11,7,4,0,0,10,10,6,1,9,2,1,0,0,0,237,사직
2016년 07월 21일,38,29,10,6,3,0,1,7,7,7,0,6,1,1,2,2,0,253,마산
2016년 07월 22일,39,36,9,6,2,0,1,3,3,2,1,4,0,0,0,0,1,94,잠실
2016년 07월 22일,48,43,16,13,1,0,2,7,7,3,0,7,2,1,2,2,1,279,인천
2016년 07월 22일,38,31,11,8,2,0,1,7,7,3,1,6,0,1,3,0,3,196,수원
2016년 07월 22일,40,33,12,7,3,0,2,9,9,6,1,8,1,1,0,1,0,315,광주
2016년 07월 22일,43,33,10,8,1,0,1,10,9,9,0,7,3,1,1,0,1,266,사직
2016년 07월 23일,37,27,8,6,2,0,0,9,7,6,2,4,0,1,2,2,1,160,잠실
2016년 07월 23일,38,36,11,9,1,0,1,2,2,1,1,7,0,0,0,1,1,56,인천
2016년 07월 23일,33,29,4,3,0,0,1,2,2,4,0,10,0,0,0,2,2,-45,수원
2016년 07월 23일,31,29,3,3,0,0,0,0,0,2,0,6,0,0,0,1,1,-106,광주
2016년 07월 23일,48,39,13,10,2,0,1,7,7,3,3,7,4,0,3,0,0,283,사직
2016년 07월 24일,35,33,7,6,0,0,1,2,2,2,0,8,1,1,0,0,0,3,잠실
2016년 07월 24일,32,30,10,6,0,0,4,4,4,1,0,3,0,0,1,1,1,255,인천
2016년 07월 24일,32,29,7,6,1,0,0,2,2,1,0,3,0,0,2,1,0,37,수원
2016년 07월 24일,41,38,10,8,2,0,0,2,2,2,0,16,0,0,1,0,0,-14,광주
2016년 07월 24일,30,29,5,4,1,0,0,1,1,0,1,8,0,0,0,3,1,-75,사직
2016년 07월 26일,48,40,15,10,3,1,1,10,10,7,0,6,2,0,1,1,1,336,잠실
2016년 07월 26일,35,29,5,4,1,0,0,1,1,6,0,4,0,0,0,3,0,-12,고척
2016년 07월 26일,39,37,12,10,1,0,1,4,4,2,0,8,0,0,0,1,0,89,대전
2016년 07월 26일,41,37,12,9,2,0,1,4,4,4,0,10,0,3,0,0,1,101,대구
2016년 07월 26일,42,37,16,10,4,0,2,13,13,4,0,4,0,0,1,2,0,437,광주
2016년 07월 27일,36,31,8,7,0,0,1,7,4,4,0,10,0,2,1,1,1,66,잠실
2016년 07월 27일,44,40,17,15,0,0,2,9,9,3,1,4,2,0,0,1,1,339,고척
2016년 07월 27일,40,33,9,5,2,0,2,8,8,6,0,9,0,2,1,0,0,230,대전
2016년 07월 27일,40,33,10,6,1,0,3,10,10,5,1,4,0,1,1,0,0,325,대구
2016년 07월 27일,40,34,12,8,4,0,0,8,7,5,0,3,0,0,1,1,0,235,광주
2016년 07월 28일,40,34,12,8,3,1,0,5,3,5,0,5,2,2,1,1,2,143,잠실
2016년 07월 28일,44,35,13,10,2,0,1,12,12,5,1,3,0,0,3,0,1,344,고척
2016년 07월 28일,43,34,11,6,2,0,3,12,11,7,1,9,2,1,1,1,1,348,대전
2016년 07월 28일,39,32,9,8,1,0,0,5,5,5,0,8,1,2,2,0,1,69,대구
2016년 07월 28일,39,33,12,9,2,1,0,9,9,3,1,2,0,0,2,0,0,262,광주
2016년 07월 29일,52,45,15,14,1,0,0,8,7,5,0,9,1,1,2,0,0,177,잠실
2016년 07월 29일,47,39,14,10,2,0,2,8,7,6,1,6,0,0,1,1,1,267,인천
2016년 07월 29일,50,38,16,14,1,0,1,12,12,8,1,6,2,1,3,0,0,387,수원
2016년 07월 29일,52,45,16,13,3,0,0,6,6,6,0,6,0,0,1,3,1,173,대구
2016년 07월 29일,38,29,5,4,1,0,0,1,0,5,3,7,1,1,1,0,0,3,마산
2016년 07월 30일,43,41,14,7,4,1,2,9,6,1,0,7,1,0,1,0,0,278,잠실
2016년 07월 30일,34,31,6,5,1,0,0,1,1,2,0,8,0,1,1,0,0,-28,인천
2016년 07월 30일,34,28,5,3,0,0,2,4,3,5,0,6,2,0,1,1,1,129,수원
2016년 07월 30일,,,,,,,,,,,,,,,,,,,대구
2016년 07월 30일,40,39,13,10,2,0,1,5,4,1,0,4,1,0,0,1,4,113,마산
2016년 07월 31일,45,38,15,11,4,0,0,10,9,6,1,4,1,1,0,0,0,295,잠실
2016년 07월 31일,36,35,8,4,2,0,2,5,5,0,1,6,2,0,0,1,0,157,인천
2016년 07월 31일,32,30,8,6,1,0,1,3,3,2,0,5,0,2,0,0,1,97,수원
2016년 07월 31일,,,,,,,,,,,,,,,,,,,대구
2016년 07월 31일,43,33,8,5,1,0,2,10,9,7,3,9,0,0,0,2,1,243,마산
2016년 08월 02일,41,36,13,10,2,1,0,12,9,3,1,5,0,0,1,1,0,261,잠실
2016년 08월 02일,,,,,,,,,,,,,,,,,,,인천
2016년 08월 02일,45,37,13,10,2,0,1,10,10,6,0,11,2,0,2,0,1,298,광주
2016년 08월 02일,,,,,,,,,,,,,,,,,,,사직
2016년 08월 02일,,,,,,,,,,,,,,,,,,,마산
2016년 08월 03일,43,32,8,5,1,0,2,5,5,8,1,11,4,1,2,0,0,211,잠실
2016년 08월 03일,40,37,13,8,4,0,1,8,7,1,1,6,0,0,1,0,2,231,인천
2016년 08월 03일,33,31,6,6,0,0,0,1,0,1,1,7,0,0,0,2,2,-77,광주
2016년 08월 03일,42,34,9,7,1,0,1,6,5,7,0,4,0,0,1,0,2,130,사직
2016년 08월 03일,9,7,4,3,1,0,0,3,3,1,1,1,1,0,0,0,0,104,마산
2016년 08월 04일,53,45,14,9,5,0,0,5,4,5,2,8,0,2,1,2,0,166,잠실
2016년 08월 04일,39,32,9,7,1,0,1,5,5,4,1,12,3,0,2,0,1,129,인천
2016년 08월 04일,36,31,8,6,1,0,1,7,6,4,1,6,3,1,0,0,1,176,광주
2016년 08월 04일,36,33,8,3,3,0,2,4,4,2,0,8,1,0,1,0,0,149,사직
2016년 08월 04일,39,36,12,7,2,1,2,9,9,3,0,7,0,0,0,0,0,289,마산
2016년 08월 05일,46,39,14,9,3,1,1,12,12,6,0,13,2,0,1,0,0,341,잠실
2016년 08월 05일,39,34,10,9,0,0,1,5,5,4,0,1,1,0,1,2,1,144,고척
2016년 08월 05일,47,42,19,12,5,1,1,14,14,4,1,5,1,0,0,0,0,462,대전
2016년 08월 05일,41,33,13,9,2,0,2,8,8,3,1,3,0,0,4,1,2,304,대구
2016년 08월 05일,36,27,6,3,2,0,1,5,5,7,0,7,3,0,2,2,0,174,사직
2016년 08월 06일,35,34,12,10,2,0,0,4,4,1,0,4,1,0,0,2,0,130,잠실
2016년 08월 06일,38,35,12,8,1,1,2,6,6,2,0,5,0,0,1,2,2,197,고척
2016년 08월 06일,36,33,7,4,3,0,0,3,3,1,1,6,0,0,1,0,0,34,대전
2016년 08월 06일,42,35,11,7,4,0,0,6,6,5,0,10,0,0,2,0,1,142,대구
2016년 08월 06일,42,35,13,8,3,0,2,11,10,5,0,8,2,1,2,0,0,365,사직
2016년 08월 07일,42,35,15,10,2,1,2,10,9,3,1,6,1,0,3,1,0,372,잠실
2016년 08월 07일,35,26,6,4,1,1,0,4,4,6,2,2,1,1,1,2,0,131,고척
2016년 08월 07일,43,40,12,9,2,0,1,8,7,2,1,9,1,0,0,1,1,166,대전
2016년 08월 07일,44,40,16,9,6,1,0,11,11,4,0,7,2,0,0,1,1,337,대구
2016년 08월 07일,42,39,12,6,4,0,2,7,7,3,0,10,1,0,0,0,0,215,사직
2016년 08월 09일,42,34,12,9,1,0,2,11,11,6,1,8,0,0,1,1,0,322,잠실
2016년 08월 09일,36,33,7,5,1,0,1,4,4,0,3,11,0,0,0,0,0,51,인천
2016년 08월 09일,39,34,7,5,1,1,0,2,1,2,3,8,1,0,0,1,0,24,수원
2016년 08월 09일,41,38,15,11,3,1,0,9,8,2,1,4,1,0,0,0,0,271,대전
2016년 08월 09일,44,36,12,6,3,0,3,13,13,8,0,6,0,0,0,0,0,419,마산
2016년 08월 10일,37,32,6,5,0,1,0,4,4,5,0,8,0,0,0,1,0,25,잠실
2016년 08월 10일,39,31,6,6,0,0,0,3,3,7,0,6,0,1,1,0,1,33,인천
2016년 08월 10일,32,28,4,4,0,0,0,1,1,3,0,8,0,1,1,2,2,-73,수원
2016년 08월 10일,43,34,10,6,3,0,1,7,6,6,1,7,0,0,2,1,3,156,대전
2016년 08월 10일,40,36,10,4,3,0,3,7,7,2,1,10,1,0,1,1,1,246,마산
2016년 08월 11일,36,31,9,7,0,1,1,4,4,2,1,4,1,0,2,2,0,159,잠실
2016년 08월 11일,46,40,13,10,1,0,2,8,8,6,0,8,6,2,0,1,0,321,고척
2016년 08월 11일,49,35,13,9,3,0,1,10,9,11,1,7,0,0,2,0,1,304,인천
2016년 08월 11일,34,33,6,4,1,0,1,1,1,1,0,4,0,0,0,0,1,-1,대구
2016년 08월 11일,37,33,7,6,1,0,0,2,2,3,1,9,1,1,0,0,1,-3,울산
2016년 08월 12일,39,30,7,5,1,0,1,6,5,7,0,3,0,0,2,0,4,134,잠실
2016년 08월 12일,40,35,9,7,2,0,0,2,2,5,0,10,2,0,0,1,1,36,고척
2016년 08월 12일,38,35,13,7,4,0,2,9,7,0,0,9,0,0,3,0,0,263,인천
2016년 08월 12일,39,33,8,5,1,0,2,7,7,6,0,3,1,1,0,2,0,192,대구
2016년 08월 12일,38,31,6,5,1,0,0,4,4,6,1,10,3,0,0,0,0,78,울산
2016년 08월 13일,39,31,9,8,0,0,1,8,8,4,2,4,1,0,2,0,1,224,잠실
2016년 08월 13일,32,28,7,3,2,0,2,4,4,2,1,5,0,1,1,1,0,160,인천
2016년 08월 13일,36,33,10,6,3,0,1,8,8,2,0,5,1,0,1,0,0,227,대구
2016년 08월 13일,36,35,13,10,1,0,2,6,6,0,1,4,2,1,0,1,1,251,광주
2016년 08월 13일,34,25,6,5,1,0,0,3,3,4,1,6,0,1,4,1,1,67,마산
2016년 08월 14일,38,32,9,5,0,1,3,6,6,4,1,4,0,0,1,0,0,271,잠실
2016년 08월 14일,37,31,9,6,3,0,0,6,6,3,1,8,1,0,2,0,0,153,인천
2016년 08월 14일,39,32,12,11,1,0,0,6,6,4,1,5,1,1,2,0,0,199,대구
2016년 08월 14일,35,28,6,4,1,0,1,2,2,4,1,8,1,2,2,0,1,45,광주
2016년 08월 14일,39,33,8,6,0,0,2,5,5,5,1,10,1,0,0,1,0,127,마산
2016년 08월 16일,39,37,14,11,3,0,0,11,11,1,1,6,0,0,0,1,1,244,잠실
2016년 08월 16일,40,33,10,6,2,1,1,8,6,7,0,10,3,0,0,1,2,210,고척
2016년 08월 16일,36,31,5,3,1,0,1,3,2,4,1,8,1,0,0,1,0,26,청주
2016년 08월 16일,42,36,10,6,3,0,1,4,4,6,0,7,0,1,0,0,1,122,광주
2016년 08월 16일,39,35,9,9,0,0,0,5,4,4,0,8,0,0,0,1,3,2,마산
2016년 08월 17일,39,37,11,9,1,0,1,6,6,1,0,7,2,0,1,0,0,159,잠실
2016년 08월 17일,39,35,13,7,4,0,2,7,7,3,0,4,0,1,1,0,1,299,고척
2016년 08월 17일,40,34,9,8,0,0,1,4,3,5,1,6,0,0,0,2,2,58,청주
2016년 08월 17일,7,4,0,0,0,0,0,0,0,3,0,0,0,0,0,1,1,-13,광주
2016년 08월 17일,39,35,13,11,2,0,0,9,9,2,1,3,2,0,1,1,0,254,마산
2016년 08월 18일,38,37,9,8,1,0,0,5,5,1,0,7,0,0,0,0,0,43,잠실
2016년 08월 18일,39,34,11,9,1,0,1,6,6,5,0,3,1,0,0,1,0,207,고척
2016년 08월 18일,41,38,13,11,1,0,1,5,5,1,1,10,0,1,1,0,0,136,인천
2016년 08월 18일,42,40,13,7,5,0,1,5,5,2,0,5,1,0,0,0,1,195,수원
2016년 08월 18일,44,33,9,5,3,0,1,4,3,9,0,11,4,0,2,3,2,164,사직
2016년 08월 19일,34,31,7,5,2,0,0,3,2,3,0,4,3,0,0,1,0,79,잠실
2016년 08월 19일,32,31,7,7,0,0,0,0,0,1,0,3,0,1,0,1,0,-49,고척
2016년 08월 19일,37,33,8,6,0,0,2,3,3,3,1,6,0,0,0,1,0,97,인천
2016년 08월 19일,43,38,11,6,2,0,3,6,6,5,0,2,0,0,0,1,0,256,수원
2016년 08월 19일,46,42,17,14,2,0,1,9,8,2,0,5,3,1,2,0,2,269,사직
2016년 08월 20일,45,32,12,7,4,0,1,13,12,8,1,2,0,0,4,0,0,405,잠실
2016년 08월 20일,38,29,8,7,0,0,1,6,5,7,0,3,3,0,2,1,0,196,고척
2016년 08월 20일,42,33,12,9,1,0,2,10,9,6,0,8,3,0,3,1,2,312,수원
2016년 08월 20일,35,28,6,3,2,0,1,3,3,5,1,8,1,0,1,0,1,108,광주
2016년 08월 20일,43,34,9,7,1,0,1,2,2,8,1,5,3,4,0,2,1,111,사직
2016년 08월 21일,40,37,9,7,1,0,1,4,4,2,1,7,1,0,0,0,1,80,잠실
2016년 08월 21일,30,28,7,5,2,0,0,2,2,1,0,7,1,1,1,1,0,35,고척
2016년 08월 21일,43,39,14,11,3,0,0,6,6,3,0,2,0,0,1,1,0,182,수원
2016년 08월 21일,40,34,10,4,3,0,3,8,8,3,2,8,2,0,1,1,0,295,광주
2016년 08월 21일,38,27,5,4,1,0,0,4,3,9,1,3,1,1,1,1,0,121,사직
2016년 08월 23일,42,35,7,6,1,0,0,5,5,5,0,6,1,0,2,1,1,55,잠실
2016년 08월 23일,13,12,1,1,0,0,0,0,0,1,0,3,0,0,0,1,0,-49,대전
2016년 08월 23일,44,37,13,10,2,1,0,9,8,5,1,7,0,0,1,0,1,227,대구
2016년 08월 23일,43,34,10,4,5,0,1,8,8,7,1,10,0,0,1,0,0,248,울산
2016년 08월 23일,41,34,12,7,2,0,3,12,12,6,0,7,2,0,1,0,2,386,마산
2016년 08월 24일,44,39,15,7,3,1,4,18,16,4,0,5,0,0,1,0,2,534,잠실
2016년 08월 24일,37,33,10,8,0,0,2,6,5,3,0,6,1,0,1,3,1,171,대전
2016년 08월 24일,37,35,9,6,2,0,1,3,3,2,0,5,1,0,0,1,0,90,대구
2016년 08월 24일,38,31,5,4,1,0,0,2,0,5,2,12,1,0,0,1,1,-61,울산
2016년 08월 24일,36,32,6,4,1,0,1,3,3,4,0,6,1,1,0,1,0,56,마산
2016년 08월 25일,11,11,2,2,0,0,0,0,0,0,0,4,0,0,0,0,0,-36,잠실
2016년 08월 25일,36,35,11,9,2,0,0,4,4,0,0,6,0,0,1,2,0,69,고척
2016년 08월 25일,30,29,5,4,1,0,0,0,0,0,0,8,0,0,1,2,1,-87,수원
2016년 08월 25일,32,31,5,4,0,0,1,1,1,1,0,7,0,0,0,1,0,-34,대전
2016년 08월 25일,35,30,7,5,1,0,1,6,6,5,0,5,1,0,0,0,0,151,광주
2016년 08월 26일,42,36,15,12,2,0,1,11,11,6,0,4,0,0,0,3,0,320,잠실
2016년 08월 26일,41,33,7,6,1,0,0,2,2,5,2,6,0,0,1,0,1,12,고척
2016년 08월 26일,37,32,10,7,2,0,1,5,5,4,0,9,1,0,1,0,1,155,수원
2016년 08월 26일,37,31,9,7,1,0,1,7,6,5,0,9,2,0,1,0,2,172,대전
2016년 08월 26일,,,,,,,,,,,,,,,,,,,광주
2016년 08월 27일,31,28,3,2,0,0,1,4,4,3,0,10,1,1,0,0,0,31,잠실
2016년 08월 27일,39,36,12,8,2,1,1,4,4,3,0,8,0,0,0,2,2,124,인천
2016년 08월 27일,45,43,20,12,3,2,3,13,13,1,0,4,0,0,1,0,0,535,대구
2016년 08월 27일,34,32,10,5,2,0,3,5,5,2,0,7,1,1,0,1,0,232,광주
2016년 08월 27일,37,32,6,3,0,0,3,6,6,4,0,9,0,0,1,0,0,153,마산
2016년 08월 28일,36,35,9,4,5,0,0,4,4,1,0,3,0,0,0,0,1,84,잠실
2016년 08월 28일,34,30,5,4,0,0,1,1,1,4,0,9,1,0,0,1,0,-13,인천
2016년 08월 28일,,,,,,,,,,,,,,,,,,,대구
2016년 08월 28일,38,33,6,6,0,0,0,0,0,4,1,5,0,0,0,0,0,-37,광주
2016년 08월 28일,,,,,,,,,,,,,,,,,,,마산
2016년 08월 30일,41,34,13,6,4,0,3,11,11,5,0,6,1,1,2,1,0,416,잠실
2016년 08월 30일,37,34,9,8,1,0,0,3,2,3,0,10,0,1,0,0,0,10,수원
2016년 08월 30일,38,33,11,7,4,0,0,8,7,4,0,4,0,1,1,1,0,213,대구
2016년 08월 30일,36,36,9,5,2,0,2,3,3,0,0,7,0,1,0,0,1,89,광주
2016년 08월 30일,43,35,14,12,1,0,1,8,7,5,2,9,2,1,1,1,1,258,사직
2016년 08월 31일,,,,,,,,,,,,,,,,,,,잠실
2016년 08월 31일,31,31,4,4,0,0,0,0,0,0,0,8,0,0,0,0,1,-114,수원
2016년 08월 31일,41,38,11,8,2,0,1,6,6,3,0,5,1,0,0,1,1,157,대구
2016년 08월 31일,44,35,14,9,4,0,1,7,6,4,2,5,1,0,3,1,1,289,광주
2016년 08월 31일,42,33,10,8,1,0,1,9,9,8,0,6,4,1,1,0,0,287,사직
2016년 09월 01일,31,27,7,7,0,0,0,1,1,3,0,5,0,1,1,2,0,16,잠실
2016년 09월 01일,34,30,9,3,4,2,0,8,7,2,0,8,0,1,2,2,0,204,고척
2016년 09월 01일,34,27,3,3,0,0,0,2,2,5,2,9,0,1,0,1,1,-56,대전
2016년 09월 01일,42,38,14,9,2,0,3,8,8,4,0,5,0,0,0,2,3,272,대구
2016년 09월 01일,39,31,8,7,1,0,0,2,2,5,0,8,0,1,3,0,0,32,사직
2016년 09월 02일,41,34,10,6,4,0,0,6,6,5,1,8,0,1,1,0,0,169,잠실
2016년 09월 02일,41,36,16,8,5,1,2,10,10,4,0,5,2,2,1,0,0,436,고척
2016년 09월 02일,41,30,8,4,2,0,2,11,10,6,2,2,0,1,3,0,1,311,대전
2016년 09월 02일,,,,,,,,,,,,,,,,,,,대구
2016년 09월 02일,,,,,,,,,,,,,,,,,,,사직
2016년 09월 03일,34,33,7,3,1,0,3,3,3,0,1,4,0,0,0,1,0,129,잠실
2016년 09월 03일,55,48,17,13,2,0,2,11,11,5,1,11,1,0,1,1,1,305,고척
2016년 09월 03일,39,31,9,6,2,0,1,6,6,6,1,3,0,1,1,0,1,194,수원
2016년 09월 03일,34,32,8,6,1,0,1,1,1,1,0,5,0,0,1,2,0,27,광주
2016년 09월 03일,50,44,14,11,2,0,1,7,5,4,2,10,0,0,0,3,0,143,마산
2016년 09월 04일,39,29,7,1,2,0,4,7,7,10,0,9,1,0,0,2,1,304,잠실
2016년 09월 04일,40,36,15,11,3,0,1,7,7,4,0,6,2,1,0,2,0,290,고척
2016년 09월 04일,41,33,11,5,5,0,1,4,4,6,1,5,0,1,1,0,0,234,수원
2016년 09월 04일,33,31,8,4,1,1,2,4,4,2,0,4,1,0,0,1,0,177,광주
2016년 09월 04일,37,33,7,6,1,0,0,4,4,4,0,10,0,0,0,1,0,20,마산
2016년 09월 06일,36,28,8,7,1,0,0,5,5,6,0,5,1,0,2,2,0,134,잠실
2016년 09월 06일,31,27,7,7,0,0,0,2,2,1,1,5,0,0,2,2,1,31,인천
2016년 09월 06일,46,42,18,14,2,0,2,11,11,3,0,5,0,0,1,1,0,381,대구
2016년 09월 06일,46,33,10,7,1,0,2,9,9,9,1,8,1,1,3,1,1,294,사직
2016년 09월 06일,44,36,12,9,2,0,1,7,6,7,1,5,0,0,0,2,0,239,마산
2016년 09월 07일,43,40,16,9,6,0,1,11,11,0,3,6,1,0,0,0,0,363,잠실
2016년 09월 07일,47,39,17,13,3,1,0,11,10,4,3,7,4,0,1,0,0,367,인천
2016년 09월 07일,45,41,15,13,1,1,0,9,8,3,0,8,1,0,1,1,1,195,대구
2016년 09월 07일,39,30,6,4,0,0,2,5,5,7,1,10,0,1,1,1,0,114,사직
2016년 09월 07일,33,29,9,7,1,0,1,1,1,1,2,9,0,1,1,2,0,78,마산
2016년 09월 08일,33,30,6,6,0,0,0,2,2,2,0,9,0,0,1,0,1,-29,잠실
2016년 09월 08일,43,40,17,12,2,0,3,12,12,2,0,6,1,0,1,0,0,421,인천
2016년 09월 08일,39,31,7,5,2,0,0,4,4,5,2,9,0,0,1,0,0,89,대전
2016년 09월 08일,35,31,10,6,1,0,3,7,6,4,0,5,1,1,0,2,0,264,광주
2016년 09월 08일,40,35,13,10,2,0,1,5,5,3,2,7,3,1,0,1,1,211,사직
2016년 09월 09일,39,34,14,8,2,1,3,10,10,5,0,5,0,2,0,2,0,387,잠실
2016년 09월 09일,40,30,8,8,0,0,0,4,4,9,0,5,2,1,1,0,1,138,인천
2016년 09월 09일,37,35,10,9,0,0,1,2,2,0,1,8,0,0,1,0,1,62,대전
2016년 09월 09일,43,39,14,12,0,0,2,7,7,4,0,3,1,0,0,3,0,243,광주
2016년 09월 09일,39,35,9,6,3,0,0,5,5,2,1,5,0,1,1,0,1,77,사직
2016년 09월 10일,38,33,11,8,2,1,0,9,8,4,1,7,0,1,0,2,0,181,잠실
2016년 09월 10일,39,34,13,7,5,0,1,9,9,1,2,3,0,1,2,0,1,304,고척
2016년 09월 10일,41,35,12,9,1,0,2,9,9,6,0,8,0,0,0,1,0,286,수원
2016년 09월 10일,47,40,16,13,1,0,2,14,13,5,0,4,0,0,2,0,1,422,대전
2016년 09월 10일,35,30,8,6,0,1,1,4,4,4,0,8,0,0,1,1,0,125,대구
2016년 09월 11일,49,40,17,10,7,0,0,12,12,7,1,7,2,0,1,0,0,414,잠실
2016년 09월 11일,37,34,11,7,3,1,0,2,2,1,1,8,0,0,1,2,0,80,고척
2016년 09월 11일,35,32,7,6,1,0,0,2,2,2,1,7,0,0,0,2,1,-5,수원
2016년 09월 11일,36,34,10,8,0,0,2,7,7,2,0,10,1,0,0,0,3,166,대전
2016년 09월 11일,31,28,5,5,0,0,0,2,2,2,0,10,3,0,1,0,0,4,대구
2016년 09월 13일,41,31,8,6,1,0,1,5,5,9,0,10,0,1,1,1,0,151,잠실
2016년 09월 13일,39,36,9,8,0,0,1,2,2,3,0,10,2,0,0,0,0,52,수원
2016년 09월 13일,56,45,12,10,1,0,1,6,5,9,0,7,1,0,2,2,2,141,대구
2016년 09월 13일,38,37,11,7,2,1,1,3,3,1,0,7,0,0,0,0,0,137,광주
2016년 09월 13일,37,30,5,3,1,0,1,3,1,7,0,11,1,0,0,1,3,-10,마산
2016년 09월 14일,36,29,7,6,1,0,0,6,6,4,1,7,0,0,2,1,1,106,잠실
2016년 09월 14일,43,40,15,11,2,1,1,7,7,3,0,4,1,1,0,1,1,238,수원
2016년 09월 14일,39,33,13,7,2,0,4,9,9,3,0,2,0,0,3,1,2,399,대구
2016년 09월 14일,33,30,5,0,4,0,1,3,3,0,1,9,0,0,2,0,1,43,광주
2016년 09월 14일,41,36,14,9,3,1,1,8,8,3,0,6,0,0,2,1,0,301,마산
2016년 09월 15일,36,27,5,3,1,0,1,5,5,6,0,3,1,0,3,0,0,157,잠실
2016년 09월 15일,43,39,17,10,5,1,1,10,10,4,0,3,0,1,0,1,0,378,고척
2016년 09월 15일,39,36,11,8,3,0,0,5,5,3,0,5,0,0,0,1,0,107,인천
2016년 09월 15일,40,32,10,5,5,0,0,7,7,7,0,4,0,1,1,0,2,215,대전
2016년 09월 15일,37,30,8,7,1,0,0,3,3,6,0,7,1,1,1,2,2,33,마산
2016년 09월 16일,33,29,8,5,3,0,0,3,3,2,0,3,0,0,2,0,0,103,잠실
2016년 09월 16일,35,32,10,9,0,0,1,5,5,3,0,9,1,2,0,0,0,135,고척
2016년 09월 16일,43,38,14,8,2,0,4,10,10,1,3,6,0,1,1,0,0,378,인천
2016년 09월 16일,43,34,11,9,2,0,0,6,4,4,2,8,0,1,3,0,1,116,대전
2016년 09월 16일,37,35,10,5,3,0,2,3,3,2,0,8,1,1,0,1,0,152,마산
2016년 09월 17일,44,38,9,7,1,0,1,3,3,4,2,6,0,2,0,0,0,84,잠실
2016년 09월 17일,43,38,11,9,2,0,0,3,3,3,1,7,0,0,1,2,2,43,인천
2016년 09월 17일,45,36,15,13,2,0,0,4,4,6,2,0,1,0,1,4,2,188,수원
2016년 09월 17일,,,,,,,,,,,,,,,,,,,대전
2016년 09월 17일,,,,,,,,,,,,,,,,,,,사직
2016년 09월 18일,35,31,9,5,2,0,2,5,5,3,0,4,1,1,1,0,0,215,잠실
2016년 09월 18일,41,40,14,7,4,0,3,7,6,1,0,7,0,0,0,2,2,234,인천
2016년 09월 18일,37,36,8,6,1,1,0,1,1,1,0,7,0,0,0,0,0,-8,수원
2016년 09월 18일,38,31,7,7,0,0,0,1,1,4,2,10,1,0,1,2,0,-12,대전
2016년 09월 18일,45,41,18,12,3,0,3,13,11,3,1,3,0,0,0,1,0,450,사직
1970년 01월 01일,,,,,,,,,,,,,,,,,,,장 
1970년 01월 01일,,,,,,,,,,,,,,,,,,,장 
1970년 01월 01일,,,,,,,,,,,,,,,,,,,장 
1970년 01월 01일,,,,,,,,,,,,,,,,,,,장 
1970년 01월 01일,,,,,,,,,,,,,,,,,,,장 
1970년 01월 01일,,,,,,,,,,,,,,,,,,,장 
1970년 01월 01일,,,,,,,,,,,,,,,,,,,장 
1970년 01월 01일,,,,,,,,,,,,,,,,,,,장 
1970년 01월 01일,,,,,,,,,,,,,,,,,,,장 
1970년 01월 01일,,,,,,,,,,,,,,,,,,,장 
1970년 01월 01일,,,,,,,,,,,,,,,,,,,장 
1970년 01월 01일,,,,,,,,,,,,,,,,,,,장 
1970년 01월 01일,,,,,,,,,,,,,,,,,,,장 
2016년 03월 08일,31,27,4,4,0,0,0,4,4,2,1,6,0,0,1,0,1,17,대전
2016년 03월 08일,,,,,,,,,,,,,,,,,,,광주
2016년 03월 08일,38,32,7,4,1,0,2,3,3,5,1,5,1,0,0,2,0,117,마산
2016년 03월 08일,39,35,11,7,2,0,2,5,4,4,0,5,3,2,0,1,1,192,수원
2016년 03월 08일,39,31,9,8,1,0,0,6,5,5,1,8,2,1,2,2,0,112,울산
2016년 03월 09일,31,28,6,5,1,0,0,3,1,2,1,7,2,0,0,1,0,36,대전
2016년 03월 09일,30,27,1,1,0,0,0,0,0,1,2,5,1,0,0,1,1,-99,광주
2016년 03월 09일,36,29,3,2,1,0,0,1,0,7,0,5,3,0,0,0,0,-11,마산
2016년 03월 09일,37,29,7,5,2,0,0,2,1,7,0,3,1,1,1,3,2,23,수원
2016년 03월 09일,34,27,7,4,1,0,2,3,3,3,3,7,1,1,1,1,2,154,울산
2016년 03월 10일,40,37,14,5,5,2,2,12,11,1,2,10,2,0,0,0,0,405,대전
2016년 03월 10일,28,23,6,3,3,0,0,3,2,3,0,9,2,0,2,0,0,66,광주
2016년 03월 10일,33,30,6,4,1,0,1,4,3,3,0,6,0,2,0,2,1,32,마산
2016년 03월 10일,,,,,,,,,,,,,,,,,,,수원
2016년 03월 10일,40,35,8,6,1,0,1,5,4,5,0,8,1,2,0,0,0,83,울산
2016년 03월 11일,,,,,,,,,,,,,,,,,,,대전
2016년 03월 11일,,,,,,,,,,,,,,,,,,,광주
2016년 03월 11일,37,35,8,7,0,0,1,3,3,1,1,8,1,0,0,0,1,57,마산
2016년 03월 11일,,,,,,,,,,,,,,,,,,,수원
2016년 03월 11일,21,18,3,1,2,0,0,1,1,3,0,4,1,0,0,0,0,12,울산
2016년 03월 12일,35,29,8,5,1,1,1,5,5,6,0,5,1,3,0,0,0,166,대전
2016년 03월 12일,36,33,11,5,2,0,4,9,9,2,1,4,0,2,0,0,0,354,광주
2016년 03월 12일,39,37,15,10,4,0,1,8,8,2,0,9,1,2,0,0,0,260,마산
2016년 03월 12일,28,27,6,3,2,0,1,3,3,1,0,9,0,1,0,1,2,31,수원
2016년 03월 12일,41,36,11,8,2,0,1,5,4,3,1,2,1,2,1,1,0,185,울산
2016년 03월 13일,38,34,7,7,0,0,0,1,1,4,0,10,0,0,0,1,2,-62,대전
2016년 03월 13일,36,30,7,6,0,0,1,3,3,3,1,8,1,1,2,1,3,40,광주
2016년 03월 13일,40,36,13,5,3,2,3,11,11,3,1,7,0,0,0,0,0,413,마산
2016년 03월 13일,33,29,4,2,1,0,1,1,1,4,0,6,0,1,0,0,0,-13,수원
2016년 03월 13일,34,29,7,4,3,0,0,6,5,4,0,3,0,1,1,1,0,122,울산
2016년 03월 15일,37,35,11,8,2,1,0,4,4,1,0,7,1,1,1,0,0,100,고척
2016년 03월 15일,34,32,9,8,1,0,0,4,3,1,1,9,2,0,0,0,0,82,대전
2016년 03월 15일,32,27,4,2,1,0,1,6,6,4,1,5,1,1,0,1,1,103,광주
2016년 03월 15일,42,34,9,6,2,0,1,3,3,8,0,6,1,1,0,0,0,120,사직
2016년 03월 15일,34,30,9,6,2,0,1,5,3,3,1,9,1,0,0,2,0,129,수원
2016년 03월 16일,29,26,1,1,0,0,0,0,0,3,0,10,1,2,0,0,0,-115,고척
2016년 03월 16일,43,37,14,11,2,0,1,8,8,2,3,4,2,0,1,1,0,289,대전
2016년 03월 16일,34,27,8,7,1,0,0,2,1,5,0,3,1,1,2,1,0,62,광주
2016년 03월 16일,36,33,5,3,2,0,0,2,2,3,0,7,1,0,0,0,2,-36,사직
2016년 03월 16일,35,33,7,5,1,0,1,3,3,2,0,3,1,0,0,1,0,78,수원
2016년 03월 17일,33,32,5,3,2,0,0,1,1,1,0,8,1,0,0,0,0,-44,고척
2016년 03월 17일,34,30,5,1,2,0,2,4,4,4,0,5,0,0,0,1,0,99,대전
2016년 03월 17일,36,30,6,4,1,0,1,5,5,6,0,5,1,1,0,1,0,99,광주
2016년 03월 17일,34,30,8,6,2,0,0,2,2,4,0,3,1,2,0,3,0,47,사직
2016년 03월 17일,34,31,9,6,1,0,2,6,6,2,1,5,1,1,0,0,1,190,수원
2016년 03월 18일,38,35,9,7,1,0,1,5,5,3,0,6,2,1,0,0,1,118,고척
2016년 03월 18일,,,,,,,,,,,,,,,,,,,대전
2016년 03월 18일,,,,,,,,,,,,,,,,,,,광주
2016년 03월 18일,,,,,,,,,,,,,,,,,,,사직
2016년 03월 18일,42,36,15,14,0,0,1,10,9,4,0,6,1,1,2,0,1,278,수원
2016년 03월 19일,34,32,10,6,3,0,1,7,6,1,1,4,2,1,0,0,1,199,고척
2016년 03월 19일,41,38,14,14,0,0,0,6,6,3,0,5,4,0,0,0,0,201,잠실
2016년 03월 19일,41,37,15,10,4,0,1,7,7,4,0,2,0,3,0,2,1,250,인천
2016년 03월 19일,50,41,19,12,3,0,4,20,20,7,1,4,1,0,1,0,0,660,사직
2016년 03월 19일,36,31,4,2,1,0,1,1,1,4,1,8,0,1,0,0,0,-20,마산
2016년 03월 20일,31,26,1,0,1,0,0,1,1,4,0,5,0,2,1,0,0,-61,고척
2016년 03월 20일,39,34,9,5,3,1,0,6,6,4,0,5,0,0,1,1,0,135,잠실
2016년 03월 20일,39,36,10,9,1,0,0,0,0,3,0,8,2,0,0,2,1,12,인천
2016년 03월 20일,35,29,6,4,2,0,0,0,0,6,0,5,0,2,0,1,0,-24,사직
2016년 03월 20일,37,32,10,7,2,0,1,6,6,5,0,8,0,2,0,0,0,170,마산
2016년 03월 22일,37,32,10,6,3,0,1,5,5,4,1,11,0,2,0,0,0,162,고척
2016년 03월 22일,33,33,6,3,2,1,0,1,1,0,0,3,0,0,0,0,0,-7,잠실
2016년 03월 22일,38,34,12,8,3,0,1,7,7,3,0,8,1,1,1,0,1,216,대구
2016년 03월 22일,37,34,11,8,3,0,0,8,8,3,0,10,1,0,0,0,1,172,광주
2016년 03월 22일,41,35,12,11,0,0,1,9,8,6,0,6,4,0,0,0,0,271,마산
2016년 03월 23일,37,36,12,9,2,0,1,6,6,0,0,8,0,1,1,0,0,165,고척
2016년 03월 23일,37,32,11,9,0,1,1,5,5,3,0,1,1,3,2,1,0,215,잠실
2016년 03월 23일,41,31,7,4,3,0,0,8,6,6,3,5,0,1,1,1,0,132,대구
2016년 03월 23일,33,32,7,7,0,0,0,0,0,1,0,10,3,1,0,1,1,-59,광주
2016년 03월 23일,39,29,5,4,1,0,0,4,4,8,1,4,1,0,1,1,2,47,마산
2016년 03월 24일,38,34,11,8,1,2,0,6,6,3,1,5,2,0,0,0,1,182,잠실
2016년 03월 24일,30,29,5,4,1,0,0,0,0,1,0,12,0,0,0,2,0,-90,인천
2016년 03월 24일,42,34,7,3,4,0,0,3,3,6,0,7,0,1,2,0,0,60,대전
2016년 03월 24일,36,33,6,2,4,0,0,3,3,1,2,6,0,0,0,1,0,26,대구
2016년 03월 24일,48,38,13,9,2,2,0,13,13,10,0,7,2,1,0,0,3,308,사직
2016년 03월 25일,23,18,5,4,1,0,0,1,1,3,1,1,2,1,1,1,1,49,잠실
2016년 03월 25일,36,33,13,9,3,0,1,5,5,2,1,5,1,2,0,3,2,155,인천
2016년 03월 25일,39,33,9,7,1,0,1,4,4,5,1,9,0,0,0,3,1,89,대전
2016년 03월 25일,,,,,,,,,,,,,,,,,,,대구
2016년 03월 25일,23,21,7,5,0,0,2,5,4,2,0,4,0,1,0,0,0,153,사직
2016년 03월 26일,39,36,9,8,0,0,1,5,4,2,1,8,5,0,0,0,1,122,고척
2016년 03월 26일,38,36,10,9,1,0,0,4,4,2,0,8,2,0,0,0,1,52,잠실
2016년 03월 26일,34,33,11,10,1,0,0,5,5,0,0,4,0,0,1,1,1,109,대구
2016년 03월 26일,35,31,9,8,1,0,0,3,3,3,0,6,0,0,1,0,0,76,광주
2016년 03월 26일,44,40,16,11,3,0,2,11,11,1,2,10,2,0,1,0,0,369,수원
2016년 03월 27일,34,31,8,7,0,0,1,3,3,2,1,7,0,1,0,3,1,34,고척
2016년 03월 27일,33,31,5,5,0,0,0,0,0,1,1,6,2,0,0,1,0,-44,잠실
2016년 03월 27일,41,39,16,12,3,0,1,11,10,2,0,3,0,1,0,1,0,286,대구
2016년 03월 27일,40,33,10,10,0,0,0,5,5,4,1,3,1,0,2,2,1,115,광주
2016년 03월 27일,35,31,8,5,2,0,1,5,4,3,0,5,0,0,1,0,1,108,수원
2016년 03월 30일,5,4,0,0,0,0,0,0,0,0,1,1,0,0,0,0,0,-15,인천
2016년 02월 17일,11,11,8,4,1,1,2,6,6,0,0,1,1,0,0,0,1,266,잠실
1970년 01월 01일,,,,,,,,,,,,,,,,,,,장 
1970년 01월 01일,,,,,,,,,,,,,,,,,,,장 
2016년 07월 16일,38,34,10,4,2,0,4,8,8,2,0,7,0,0,2,0,1,309,고척
2016년 07월 15일,45,36,11,6,3,0,2,11,11,8,0,8,0,0,1,0,2,308,고척
2016년 07월 18일,0,0,0,0,0,0,0,0,0,0,0,0,0,0,0,0,2,-20,광주
2016년 07월 25일,3,3,0,0,0,0,0,0,0,0,0,0,0,0,0,0,2,-32,광주
2016년 08월 08일,14,12,5,3,2,0,0,2,2,0,1,2,0,0,0,0,1,69,잠실
2016년 09월 20일,39,32,8,6,2,0,0,6,6,7,0,6,0,0,0,0,2,114,잠실
1970년 01월 01일,,,,,,,,,,,,,,,,,,,장 
2016년 09월 20일,34,31,9,5,2,0,2,6,5,2,0,4,1,0,1,1,1,184,수원
1970년 01월 01일,,,,,,,,,,,,,,,,,,,장 
2016년 09월 20일,35,33,9,7,0,0,2,3,3,1,0,6,0,0,1,2,0,110,대전
1970년 01월 01일,,,,,,,,,,,,,,,,,,,장 
2016년 09월 20일,34,26,7,1,4,0,2,4,4,3,1,7,1,0,4,0,1,217,광주
1970년 01월 01일,,,,,,,,,,,,,,,,,,,장 
2016년 09월 21일,46,40,7,6,1,0,0,1,1,5,1,17,0,0,0,0,0,-94,잠실
1970년 01월 01일,,,,,,,,,,,,,,,,,,,장 
2016년 09월 21일,42,35,11,6,1,3,1,9,8,5,0,6,0,0,2,1,0,277,대구
1970년 01월 01일,,,,,,,,,,,,,,,,,,,장 
2016년 09월 21일,32,31,9,6,2,0,1,5,5,0,0,4,0,1,1,0,0,143,광주
1970년 01월 01일,,,,,,,,,,,,,,,,,,,장 
2016년 09월 22일,40,33,12,7,4,0,1,9,8,4,2,4,1,1,1,2,1,278,잠실
1970년 01월 01일,,,,,,,,,,,,,,,,,,,장 
2016년 09월 22일,35,32,6,5,0,0,1,2,2,2,1,11,0,0,0,1,1,-9,대전
1970년 01월 01일,,,,,,,,,,,,,,,,,,,장 
2016년 09월 23일,42,33,7,7,0,0,0,2,2,5,2,7,2,1,2,1,1,52,수원
1970년 01월 01일,,,,,,,,,,,,,,,,,,,장 
2016년 09월 23일,36,32,9,6,2,0,1,4,4,2,1,3,0,0,1,1,0,149,대구
1970년 01월 01일,,,,,,,,,,,,,,,,,,,장 
2016년 09월 23일,47,41,16,12,3,0,1,11,10,5,1,10,2,0,0,0,1,327,마산
1970년 01월 01일,,,,,,,,,,,,,,,,,,,장 
2016년 09월 24일,45,40,15,14,1,0,0,7,7,5,0,5,1,0,0,1,2,165,잠실
1970년 01월 01일,,,,,,,,,,,,,,,,,,,장 
2016년 09월 24일,47,38,13,8,1,1,3,13,13,7,2,1,0,0,0,0,0,450,대구
1970년 01월 01일,,,,,,,,,,,,,,,,,,,장 
2016년 09월 24일,34,27,6,6,0,0,0,3,3,6,0,5,1,1,1,1,0,79,마산
1970년 01월 01일,,,,,,,,,,,,,,,,,,,장 
2016년 09월 25일,35,33,10,5,2,0,3,9,9,0,1,3,0,0,1,0,0,308,인천
1970년 01월 01일,,,,,,,,,,,,,,,,,,,장 
2016년 09월 25일,36,32,9,7,2,0,0,8,6,2,0,6,2,0,2,0,1,142,수원
1970년 01월 01일,,,,,,,,,,,,,,,,,,,장 
2016년 09월 25일,36,36,13,12,0,0,1,7,6,0,0,5,1,1,0,1,0,189,대구
1970년 01월 01일,,,,,,,,,,,,,,,,,,,장 
2016년 09월 25일,28,25,3,1,1,1,0,1,1,2,1,4,0,0,0,2,0,-2,마산
1970년 01월 01일,,,,,,,,,,,,,,,,,,,장 
2016년 09월 27일,41,34,10,8,1,0,1,9,9,6,0,9,0,0,1,1,0,209,대전
1970년 01월 01일,,,,,,,,,,,,,,,,,,,장 
2016년 09월 27일,38,34,8,6,2,0,0,1,1,3,0,6,0,0,1,0,0,19,광주
1970년 01월 01일,,,,,,,,,,,,,,,,,,,장 
2016년 09월 27일,44,34,10,7,3,0,0,9,8,9,1,6,0,0,0,2,0,229,사직
1970년 01월 01일,,,,,,,,,,,,,,,,,,,장 
2016년 09월 27일,39,34,8,6,2,0,0,3,2,5,0,7,0,0,0,1,0,27,마산
1970년 01월 01일,,,,,,,,,,,,,,,,,,,장 
2016년 09월 28일,36,34,7,4,1,0,2,3,3,1,1,9,0,0,0,0,1,61,대전
1970년 01월 01일,,,,,,,,,,,,,,,,,,,장 
2016년 09월 28일,,,,,,,,,,,,,,,,,,,사직
1970년 01월 01일,,,,,,,,,,,,,,,,,,,장 
2016년 09월 28일,,,,,,,,,,,,,,,,,,,마산
1970년 01월 01일,,,,,,,,,,,,,,,,,,,장 
2016년 09월 29일,36,33,6,5,0,0,1,1,1,2,1,12,0,0,0,1,3,-64,잠실
1970년 01월 01일,,,,,,,,,,,,,,,,,,,장 
2016년 09월 29일,42,39,16,11,3,2,0,9,8,3,0,12,1,0,0,0,1,262,사직
1970년 01월 01일,,,,,,,,,,,,,,,,,,,장 
2016년 09월 29일,36,30,7,6,1,0,0,5,4,5,0,11,1,0,1,1,0,46,마산
1970년 01월 01일,,,,,,,,,,,,,,,,,,,장 
2016년 09월 30일,36,34,8,6,1,0,1,3,3,1,0,7,0,0,1,0,1,51,잠실
1970년 01월 01일,,,,,,,,,,,,,,,,,,,장 
2016년 09월 30일,,,,,,,,,,,,,,,,,,,대구
1970년 01월 01일,,,,,,,,,,,,,,,,,,,장 
2016년 09월 30일,39,35,10,8,2,0,0,1,1,2,2,9,0,0,0,1,3,-21,마산
1970년 01월 01일,,,,,,,,,,,,,,,,,,,장 
2016년 10월 01일,31,26,4,4,0,0,0,0,0,3,1,6,1,0,1,3,0,-66,잠실
1970년 01월 01일,,,,,,,,,,,,,,,,,,,장 
2016년 10월 01일,,,,,,,,,,,,,,,,,,,광주
1970년 01월 01일,,,,,,,,,,,,,,,,,,,장 
2016년 10월 01일,32,31,4,4,0,0,0,0,0,1,0,12,0,0,0,0,2,-130,사직
1970년 01월 01일,,,,,,,,,,,,,,,,,,,장 
2016년 10월 02일,34,32,6,4,1,0,1,1,1,1,0,6,0,0,1,1,0,0,대전
1970년 01월 01일,,,,,,,,,,,,,,,,,,,장 
2016년 10월 02일,33,25,5,5,0,0,0,3,3,6,0,4,0,2,2,0,0,56,광주
1970년 01월 01일,,,,,,,,,,,,,,,,,,,장 
2016년 10월 02일,39,33,6,2,0,0,4,6,6,4,1,6,0,0,1,0,0,212,사직
1970년 01월 01일,,,,,,,,,,,,,,,,,,,장 
2016년 10월 03일,40,35,8,5,2,0,1,5,5,4,1,5,0,0,0,0,1,110,잠실
1970년 01월 01일,,,,,,,,,,,,,,,,,,,장 
2016년 10월 03일,37,32,6,4,2,0,0,3,3,4,1,9,0,1,0,0,2,-10,대구
1970년 01월 01일,,,,,,,,,,,,,,,,,,,장 
2016년 10월 04일,42,38,11,6,4,0,1,6,6,3,1,9,0,0,0,1,0,171,잠실
1970년 01월 01일,,,,,,,,,,,,,,,,,,,장 
2016년 10월 04일,37,29,10,8,1,0,1,5,4,5,0,3,0,1,3,1,0,210,대구
1970년 01월 01일,,,,,,,,,,,,,,,,,,,장 
2016년 10월 04일,38,34,7,7,0,0,0,1,1,4,0,9,2,1,0,1,0,-24,마산
1970년 01월 01일,,,,,,,,,,,,,,,,,,,장 
2016년 10월 05일,37,33,9,5,3,0,1,2,2,4,0,6,0,0,0,2,0,87,수원
1970년 01월 01일,,,,,,,,,,,,,,,,,,,장 
2016년 10월 05일,40,36,13,7,2,0,4,8,8,3,1,6,1,0,0,0,1,360,마산
1970년 01월 01일,,,,,,,,,,,,,,,,,,,장 
2016년 10월 06일,35,32,6,3,2,0,1,3,3,3,0,7,1,0,0,2,0,50,광주
1970년 01월 01일,,,,,,,,,,,,,,,,,,,장 
2016년 10월 06일,36,31,7,6,1,0,0,1,1,5,0,9,0,0,0,2,0,-26,사직
1970년 01월 01일,,,,,,,,,,,,,,,,,,,장 
2016년 10월 06일,31,26,6,5,1,0,0,4,4,3,1,10,1,2,1,1,1,39,마산
1970년 01월 01일,,,,,,,,,,,,,,,,,,,장 
2016년 10월 07일,37,34,11,8,2,0,1,5,5,2,1,10,0,1,0,0,0,153,사직
1970년 01월 01일,,,,,,,,,,,,,,,,,,,장 
2016년 10월 07일,38,35,12,10,2,0,0,2,2,2,0,3,0,2,1,0,1,68,마산
1970년 01월 01일,,,,,,,,,,,,,,,,,,,장 
2016년 10월 08일,34,29,3,2,1,0,0,1,1,4,0,8,0,0,1,1,2,-81,잠실
1970년 01월 01일,,,,,,,,,,,,,,,,,,,장 
2016년 10월 08일,40,37,12,8,0,1,3,7,7,3,0,9,0,0,0,1,0,263,인천
1970년 01월 01일,,,,,,,,,,,,,,,,,,,장 
2016년 10월 08일,46,37,10,7,2,0,1,6,4,7,1,8,1,0,1,2,0,154,대전
1970년 01월 01일,,,,,,,,,,,,,,,,,,,장 
2016년 10월 08일,,,,,,,,,,,,,,,,,,,사직
1970년 01월 01일,,,,,,,,,,,,,,,,,,,장 
2016년 10월 08일,,,,,,,,,,,,,,,,,,,마산
2016년 09월 19일,41,36,10,8,1,0,1,2,2,4,0,10,0,1,1,0,2,41,대전
2016년 09월 19일,36,29,5,5,0,0,0,1,1,3,3,5,0,1,1,1,3,-51,사직
2016년 09월 29일,40,35,13,10,2,0,1,10,10,4,0,9,0,0,1,1,0,265,마산
2016년 09월 30일,38,33,13,9,4,0,0,5,5,2,2,9,0,0,1,2,0,168,사직
2016년 10월 05일,36,33,7,6,1,0,0,2,2,2,0,10,2,0,1,1,0,-6,대구
2016년 10월 03일,42,35,13,9,3,1,0,9,8,6,0,4,0,1,1,1,2,242,광주
2016년 10월 09일,38,36,11,7,2,0,2,8,8,1,1,4,1,0,0,2,0,263,사직
2016년 10월 09일,41,39,12,8,4,0,0,4,3,1,1,13,4,1,0,0,0,94,마산
